nim,nama,prodi,IPK1,SKS1,IPK2,SKS2,IPK3,SKS3,IPK4,SKS4,IPK5,SKS5,IPK_1,SKS_1,IPK_2,SKS_2,IPK_3,SKS_3,IPK_4,SKS_4,IPK_5,SKS_5
1910129220006,MHSIPA19001,Pendidikan IPA,3.24,20,3.5,42,3.58,66,3.5,86,3.67,110,-0.293795033,0.185353936,0.232905681,-0.088362523,0.430072671,0.375635102,0.178731511,-0.109900664,0.646090664,0.075333673
1910129320012,MHSIPA19002,Pendidikan IPA,3.59,20,3.71,44,3.69,68,3.73,91,3.74,115,0.635428814,0.185353936,0.837157484,1.249698535,0.778554071,0.860227242,0.903366919,0.768200117,0.858653155,0.748258058
1910129110002,MHSIPA19003,Pendidikan IPA,3.64,20,3.56,44,3.58,67,3.6,90,3.6,114,0.768175078,0.185353936,0.405549054,1.249698535,0.430072671,0.617931172,0.493790384,0.592579961,0.433528172,0.613673181
1910129210012,MHSIPA19004,Pendidikan IPA,3.53,20,3.61,44,3.71,68,3.66,91,3.62,115,0.476133298,0.185353936,0.54941853,1.249698535,0.841914326,0.860227242,0.682825708,0.768200117,0.494260313,0.748258058
1910129320008,MHSIPA19005,Pendidikan IPA,3.33,20,3.56,43,3.57,67,3.57,91,3.61,115,-0.054851758,0.185353936,0.405549054,0.580668006,0.398392544,0.617931172,0.399272722,0.768200117,0.463894242,0.748258058
1910129220024,MHSIPA19006,Pendidikan IPA,3.64,20,3.73,44,3.82,68,3.76,91,3.76,115,0.768175078,0.185353936,0.894705275,1.249698535,1.190395726,0.860227242,0.99788458,0.768200117,0.919385296,0.748258058
1910129220022,MHSIPA19007,Pendidikan IPA,3.2,20,3.43,42,3.56,66,3.57,89,3.58,113,-0.399992044,0.185353936,0.031488414,-0.088362523,0.366712417,0.375635102,0.399272722,0.416959805,0.372796032,0.479088304
1910129220021,MHSIPA19008,Pendidikan IPA,3.46,20,3.5,42,3.67,66,3.74,89,3.73,113,0.290288528,0.185353936,0.232905681,-0.088362523,0.715193817,0.375635102,0.934872806,0.416959805,0.828287085,0.479088304
1910129120010,MHSIPA19009,Pendidikan IPA,3.53,20,3.49,42,3.54,64,3.62,86,3.67,110,0.476133298,0.185353936,0.204131786,-0.088362523,0.303352162,-0.108957038,0.556802159,-0.109900664,0.646090664,0.075333673
1910129320007,MHSIPA19010,Pendidikan IPA,3.06,18,3.23,40,3.26,60,3.26,83,3.39,105,-0.771681583,-1.574125222,-0.543989493,-1.42642358,-0.583691401,-1.078141318,-0.577409783,-0.636761132,-0.204159302,-0.597590712
1910129220003,MHSIPA19011,Pendidikan IPA,3.67,20,3.69,44,3.78,67,3.8,91,3.76,115,0.847822837,0.185353936,0.779609693,1.249698535,1.063675217,0.617931172,1.12390813,0.768200117,0.919385296,0.748258058
1910129320015,MHSIPA19012,Pendidikan IPA,3.18,20,3.18,39,3.25,59,3.4,82,3.45,104,-0.45309055,0.185353936,-0.68785897,-2.095454109,-0.615371529,-1.320437388,-0.136327361,-0.812381288,-0.021962881,-0.732175589
1910129120005,MHSIPA19013,Pendidikan IPA,3.31,20,3.24,42,3.44,65,3.46,88,3.52,112,-0.107950264,0.185353936,-0.515215598,-0.088362523,-0.013449111,0.133339032,0.052707962,0.241339649,0.190599611,0.344503427
1910129320001,MHSIPA19014,Pendidikan IPA,3.09,18,3.43,40,3.29,60,3.42,80,3.43,100,-0.692033825,-1.574125222,0.031488414,-1.42642358,-0.48865102,-1.078141318,-0.073315587,-1.163621601,-0.082695021,-1.270515097
1910129120009,MHSIPA19015,Pendidikan IPA,3.59,20,3.52,44,3.58,66,3.6,91,3.63,115,0.635428814,0.185353936,0.290453472,1.249698535,0.430072671,0.375635102,0.493790384,0.768200117,0.524626383,0.748258058
1910129220018,MHSIPA19016,Pendidikan IPA,3.53,20,3.48,41,3.45,64,3.59,87,3.61,107,0.476133298,0.185353936,0.175357891,-0.757393051,0.018231017,-0.108957038,0.462284497,0.065719492,0.463894242,-0.328420958
1910129120011,MHSIPA19017,Pendidikan IPA,3.51,20,3.56,44,3.63,67,3.67,91,3.66,115,0.423034792,0.185353936,0.405549054,1.249698535,0.588473307,0.617931172,0.714331595,0.768200117,0.615724593,0.748258058
1910129320004,MHSIPA19018,Pendidikan IPA,3.59,20,3.67,44,3.78,68,3.77,91,3.79,115,0.635428814,0.185353936,0.722061903,1.249698535,1.063675217,0.860227242,1.029390468,0.768200117,1.010483506,0.748258058
1910129220020,MHSIPA19019,Pendidikan IPA,3.46,20,3.52,43,3.63,67,3.67,91,3.71,115,0.290288528,0.185353936,0.290453472,0.580668006,0.588473307,0.617931172,0.714331595,0.768200117,0.767554945,0.748258058
1910129320006,MHSIPA19020,Pendidikan IPA,3.54,20,3.61,44,3.6,68,3.59,91,3.59,115,0.50268255,0.185353936,0.54941853,1.249698535,0.493432926,0.860227242,0.462284497,0.768200117,0.403162102,0.748258058
1910129120003,MHSIPA19021,Pendidikan IPA,3.53,20,3.51,43,3.47,63,3.54,83,3.58,107,0.476133298,0.185353936,0.261679577,0.580668006,0.081591271,-0.351253108,0.304755061,-0.636761132,0.372796032,-0.328420958
1910129220001,MHSIPA19022,Pendidikan IPA,3.6,20,3.61,42,3.67,66,3.64,91,3.66,115,0.661978067,0.185353936,0.54941853,-0.088362523,0.715193817,0.375635102,0.619813933,0.768200117,0.615724593,0.748258058
1910129120001,MHSIPA19023,Pendidikan IPA,3.73,20,3.8,44,3.76,68,3.75,91,3.77,115,1.007118353,0.185353936,1.096122542,1.249698535,1.000314962,0.860227242,0.966378693,0.768200117,0.949751366,0.748258058
1910129120012,MHSIPA19024,Pendidikan IPA,3.4,20,3.57,42,3.55,64,3.57,86,3.6,110,0.130993011,0.185353936,0.434322949,-0.088362523,0.335032289,-0.108957038,0.399272722,-0.109900664,0.433528172,0.075333673
1910129220015,MHSIPA19025,Pendidikan IPA,3.04,18,3.19,38,3.51,60,3.38,78,3.49,98,-0.824780089,-1.574125222,-0.659085075,-2.764484638,0.20831178,-1.078141318,-0.199339136,-1.514861913,0.0995014,-1.539684851
1910129220029,MHSIPA19026,Pendidikan IPA,3.13,20,3.34,42,3.39,63,3.4,86,3.5,110,-0.585836814,0.185353936,-0.227476644,-0.088362523,-0.171849747,-0.351253108,-0.136327361,-0.109900664,0.12986747,0.075333673
1910129220004,MHSIPA19027,Pendidikan IPA,2.89,18,3.16,40,3.23,60,3.29,83,3.35,105,-1.223018881,-1.574125222,-0.745406761,-1.42642358,-0.678731783,-1.078141318,-0.482892121,-0.636761132,-0.325623583,-0.597590712
1910129210017,MHSIPA19028,Pendidikan IPA,3.14,20,3.49,40,3.54,64,3.51,67,3.53,113,-0.559287561,0.185353936,0.204131786,-1.42642358,0.303352162,-0.108957038,0.210237399,-3.446683631,0.220965681,0.479088304
1910129210027,MHSIPA19029,Pendidikan IPA,3.6,20,3.65,42,3.67,68,3.67,91,3.71,115,0.661978067,0.185353936,0.664514112,-0.088362523,0.715193817,0.860227242,0.714331595,0.768200117,0.767554945,0.748258058
1910129320011,MHSIPA19030,Pendidikan IPA,3.15,18,3.38,40,3.45,64,3.5,87,3.58,111,-0.532738308,-1.574125222,-0.112381063,-1.42642358,0.018231017,-0.108957038,0.178731511,0.065719492,0.372796032,0.20991855
1910129220013,MHSIPA19031,Pendidikan IPA,3.51,20,3.57,44,3.6,64,3.66,91,3.67,115,0.423034792,0.185353936,0.434322949,1.249698535,0.493432926,-0.108957038,0.682825708,0.768200117,0.646090664,0.748258058
1910129320010,MHSIPA19032,Pendidikan IPA,3.44,20,3.57,42,3.6,66,3.62,89,3.62,113,0.237190023,0.185353936,0.434322949,-0.088362523,0.493432926,0.375635102,0.556802159,0.416959805,0.494260313,0.479088304
1910129120015,MHSIPA19033,Pendidikan IPA,3.59,20,3.64,44,3.71,68,3.69,91,3.7,115,0.635428814,0.185353936,0.635740216,1.249698535,0.841914326,0.860227242,0.77734337,0.768200117,0.737188874,0.748258058
1910129220010,MHSIPA19034,Pendidikan IPA,3.57,20,3.44,43,3.49,64,3.48,86,3.51,110,0.582330309,0.185353936,0.060262309,0.580668006,0.144951526,-0.108957038,0.115719737,-0.109900664,0.16023354,0.075333673
1910129320009,MHSIPA19035,Pendidikan IPA,3.28,18,3.44,40,3.47,64,3.47,87,3.51,109,-0.187598022,-1.574125222,0.060262309,-1.42642358,0.081591271,-0.108957038,0.08421385,0.065719492,0.16023354,-0.059251204
1910129120019,MHSIPA19036,Pendidikan IPA,3.51,20,3.61,44,3.77,68,3.41,84,3.47,108,0.423034792,0.185353936,0.54941853,1.249698535,1.031995089,0.860227242,-0.104821474,-0.461140976,0.038769259,-0.193836081
1910129210030,MHSIPA19037,Pendidikan IPA,3.46,20,3.57,42,3.74,68,3.75,67,3.69,115,0.290288528,0.185353936,0.434322949,-0.088362523,0.936954707,0.860227242,0.966378693,-3.446683631,0.706822804,0.748258058
1910129120008,MHSIPA19038,Pendidikan IPA,3.64,20,3.73,44,3.77,68,3.78,91,3.67,115,0.768175078,0.185353936,0.894705275,1.249698535,1.031995089,0.860227242,1.060896355,0.768200117,0.646090664,0.748258058
1910129120007,MHSIPA19039,Pendidikan IPA,3.56,20,3.65,44,3.72,68,3.71,91,3.71,115,0.555781056,0.185353936,0.664514112,1.249698535,0.873594453,0.860227242,0.840355144,0.768200117,0.767554945,0.748258058
1910129220005,MHSIPA19040,Pendidikan IPA,3.23,20,3.51,42,3.48,60,3.57,86,3.57,110,-0.320344286,0.185353936,0.261679577,-0.088362523,0.113271398,-1.078141318,0.399272722,-0.109900664,0.342429962,0.075333673
1910129320013,MHSIPA19041,Pendidikan IPA,3.55,20,3.7,44,3.73,68,3.74,91,3.73,115,0.529231803,0.185353936,0.808383589,1.249698535,0.90527458,0.860227242,0.934872806,0.768200117,0.828287085,0.748258058
1910129120017,MHSIPA19042,Pendidikan IPA,3.44,20,3.6,42,3.63,66,3.67,89,3.74,113,0.237190023,0.185353936,0.520644635,-0.088362523,0.588473307,0.375635102,0.714331595,0.416959805,0.858653155,0.479088304
1910129220007,MHSIPA19043,Pendidikan IPA,3.45,20,3.54,42,3.59,66,3.58,89,3.61,111,0.263739275,0.185353936,0.348001263,-0.088362523,0.461752798,0.375635102,0.43077861,0.416959805,0.463894242,0.20991855
1910129320002,MHSIPA19044,Pendidikan IPA,3.29,20,3.5,42,3.56,66,3.59,89,3.56,113,-0.161048769,0.185353936,0.232905681,-0.088362523,0.366712417,0.375635102,0.462284497,0.416959805,0.312063891,0.479088304
1910129220008,MHSIPA19045,Pendidikan IPA,3.51,20,3.67,44,3.82,68,3.81,91,3.81,115,0.423034792,0.185353936,0.722061903,1.249698535,1.190395726,0.860227242,1.155414017,0.768200117,1.071215647,0.748258058
1910129220028,MHSIPA19046,Pendidikan IPA,3.34,20,3.61,42,3.66,66,3.71,89,3.74,113,-0.028302505,0.185353936,0.54941853,-0.088362523,0.683513689,0.375635102,0.840355144,0.416959805,0.858653155,0.479088304
1910129220026,MHSIPA19047,Pendidikan IPA,3.43,20,3.58,42,3.51,66,3.71,89,3.64,113,0.21064077,0.185353936,0.463096844,-0.088362523,0.20831178,0.375635102,0.840355144,0.416959805,0.554992453,0.479088304
1910129120006,MHSIPA19048,Pendidikan IPA,3.59,20,3.77,44,3.84,68,3.83,91,3.82,115,0.635428814,0.185353936,1.009800856,1.249698535,1.25375598,0.860227242,1.218425791,0.768200117,1.101581717,0.748258058
1910129120013,MHSIPA19049,Pendidikan IPA,3.51,20,3.67,42,3.72,66,3.67,89,3.64,113,0.423034792,0.185353936,0.722061903,-0.088362523,0.873594453,0.375635102,0.714331595,0.416959805,0.554992453,0.479088304
1910129120004,MHSIPA19050,Pendidikan IPA,3.23,20,3.51,42,3.55,66,3.57,89,3.52,113,-0.320344286,0.185353936,0.261679577,-0.088362523,0.335032289,0.375635102,0.399272722,0.416959805,0.190599611,0.479088304
1910129120014,MHSIPA19051,Pendidikan IPA,3.51,20,3.67,44,3.69,68,3.66,91,3.6,115,0.423034792,0.185353936,0.722061903,1.249698535,0.778554071,0.860227242,0.682825708,0.768200117,0.433528172,0.748258058
1910129120016,MHSIPA19052,Pendidikan IPA,3.4,20,3.54,42,3.61,66,3.66,89,3.68,113,0.130993011,0.185353936,0.348001263,-0.088362523,0.525113053,0.375635102,0.682825708,0.416959805,0.676456734,0.479088304
1910129220011,MHSIPA19053,Pendidikan IPA,3.56,20,3.6,44,3.46,68,3.49,91,3.5,115,0.555781056,0.185353936,0.520644635,1.249698535,0.049911144,0.860227242,0.147225624,0.768200117,0.12986747,0.748258058
1910129310005,MHSIPA19054,Pendidikan IPA,3.49,20,3.58,42,3.69,66,3.71,89,3.74,113,0.369936287,0.185353936,0.463096844,-0.088362523,0.778554071,0.375635102,0.840355144,0.416959805,0.858653155,0.479088304
1910129320014,MHSIPA19055,Pendidikan IPA,3.26,20,3.38,42,3.38,63,3.41,86,3.48,110,-0.240696528,0.185353936,-0.112381063,-0.088362523,-0.203529874,-0.351253108,-0.104821474,-0.109900664,0.06913533,0.075333673
1910129220002,MHSIPA19056,Pendidikan IPA,3.45,20,3.51,42,3.56,66,3.59,89,3.58,110,0.263739275,0.185353936,0.261679577,-0.088362523,0.366712417,0.375635102,0.462284497,0.416959805,0.372796032,0.075333673
1910129220023,MHSIPA19057,Pendidikan IPA,3.3,20,3.55,42,3.59,66,3.6,89,3.6,110,-0.134499516,0.185353936,0.376775158,-0.088362523,0.461752798,0.375635102,0.493790384,0.416959805,0.433528172,0.075333673
1910131120001,MHSKOM19002,Pendidikan Komputer,2.82,21,2.91,40,3.13,58,3.16,78,3.1,100,-1.40886365,1.065093516,-1.464754145,-1.42642358,-0.995533056,-1.562733458,-0.892468656,-1.514861913,-1.084775338,-1.270515097
1910131120002,MHSKOM19003,Pendidikan Komputer,3.24,21,3.2,42,3.14,63,3.15,84,3.12,107,-0.293795033,1.065093516,-0.63031118,-0.088362523,-0.963852929,-0.351253108,-0.923974543,-0.461140976,-1.024043198,-0.328420958
1910131120004,MHSKOM19004,Pendidikan Komputer,2.68,21,3.04,34,3.25,49,3.19,71,3.19,92,-1.780553189,1.065093516,-1.090693505,-5.440606753,-0.615371529,-3.743398089,-0.797950994,-2.744203006,-0.811480706,-2.347194113
1910131210001,MHSKOM19006,Pendidikan Komputer,3.2,21,3.32,42,3.43,63,3.49,87,3.52,111,-0.399992044,1.065093516,-0.285024435,-0.088362523,-0.045129238,-0.351253108,0.147225624,0.065719492,0.190599611,0.20991855
1910131210002,MHSKOM19007,Pendidikan Komputer,2.77,21,3.1,42,3.38,60,3.39,81,3.31,103,-1.541609914,1.065093516,-0.918050133,-0.088362523,-0.203529874,-1.078141318,-0.167833249,-0.988001445,-0.447087864,-0.866760466
1910131210004,MHSKOM19008,Pendidikan Komputer,2.61,21,2.91,37,3.35,54,3.3,75,3.36,97,-1.966397959,1.065093516,-1.464754145,-3.433515166,-0.298570256,-2.531917738,-0.451386234,-2.041722382,-0.295257513,-1.674269728
1910131210005,MHSKOM19009,Pendidikan Komputer,3.38,21,3.18,42,2.83,63,2.43,78,2.24,91,0.077894506,1.065093516,-0.68785897,-0.088362523,-1.945936874,-0.351253108,-3.192398427,-1.514861913,-3.696257377,-2.48177899
1910131210007,MHSKOM19010,Pendidikan Komputer,3.46,21,3.51,42,3.53,65,3.53,89,3.47,113,0.290288528,1.065093516,0.261679577,-0.088362523,0.271672035,0.133339032,0.273249173,0.416959805,0.038769259,0.479088304
1910131210008,MHSKOM19011,Pendidikan Komputer,3.5,21,3.46,42,3.47,63,3.55,85,3.51,109,0.396485539,1.065093516,0.1178101,-0.088362523,0.081591271,-0.351253108,0.336260948,-0.28552082,0.16023354,-0.059251204
1910131210009,MHSKOM19012,Pendidikan Komputer,3.76,21,3.71,42,3.58,63,3.54,84,3.41,107,1.086766112,1.065093516,0.837157484,-0.088362523,0.430072671,-0.351253108,0.304755061,-0.461140976,-0.143427162,-0.328420958
1910131210011,MHSKOM19013,Pendidikan Komputer,3.81,21,3.86,42,3.85,66,3.87,90,3.87,113,1.219512376,1.065093516,1.268765914,-0.088362523,1.285436107,0.375635102,1.34444934,0.592579961,1.253412068,0.479088304
1910131210016,MHSKOM19015,Pendidikan Komputer,3.64,21,3.52,42,3.52,63,3.5,87,3.36,110,0.768175078,1.065093516,0.290453472,-0.088362523,0.239991908,-0.351253108,0.178731511,0.065719492,-0.295257513,0.075333673
1910131210017,MHSKOM19016,Pendidikan Komputer,3.4,21,3.35,42,3.43,63,3.51,87,3.56,110,0.130993011,1.065093516,-0.198702749,-0.088362523,-0.045129238,-0.351253108,0.210237399,0.065719492,0.312063891,0.075333673
1910131220006,MHSKOM19018,Pendidikan Komputer,2.33,21,2.72,39,3.06,51,2.81,70,2.74,85,-2.709777037,1.065093516,-2.011458157,-2.095454109,-1.217293947,-3.258805948,-1.99517471,-2.919823162,-2.177953866,-3.289288253
1910131220010,MHSKOM19019,Pendidikan Komputer,3.43,21,3.23,42,3.21,65,3.33,84,3.33,106,0.21064077,1.065093516,-0.543989493,-0.088362523,-0.742092038,0.133339032,-0.356868572,-0.461140976,-0.386355724,-0.463005835
1910131220012,MHSKOM19020,Pendidikan Komputer,3.4,21,1.89,42,1.66,57,1.55,68,1.46,78,0.130993011,1.065093516,-4.399691472,-0.088362523,-5.652511765,-1.805029528,-5.964916506,-3.271063475,-6.064810853,-4.231382392
1910131220013,MHSKOM19021,Pendidikan Komputer,3.4,21,3.38,42,3.51,63,3.57,87,3.6,110,0.130993011,1.065093516,-0.112381063,-0.088362523,0.20831178,-0.351253108,0.399272722,0.065719492,0.433528172,0.075333673
1910131310003,MHSKOM19025,Pendidikan Komputer,2.5,21,2.9,39,3.15,53,3.22,72,3.25,94,-2.25843974,1.065093516,-1.49352804,-2.095454109,-0.932172801,-2.774213808,-0.703433332,-2.56858285,-0.629284285,-2.078024359
1910131310004,MHSKOM19026,Pendidikan Komputer,3.1,21,3.26,42,3.33,63,3.43,85,3.48,109,-0.665484572,1.065093516,-0.457667807,-0.088362523,-0.361930511,-0.351253108,-0.041809699,-0.28552082,0.06913533,-0.059251204
1910131310005,MHSKOM19027,Pendidikan Komputer,3.68,21,3.61,42,3.6,65,3.63,89,3.67,111,0.87437209,1.065093516,0.54941853,-0.088362523,0.493432926,0.133339032,0.588308046,0.416959805,0.646090664,0.20991855
1910131310009,MHSKOM19028,Pendidikan Komputer,0.93,21,1.61,37,2.99,21,2.89,29,2.96,31,-6.426672428,1.065093516,-5.205360542,-3.433515166,-1.439054838,-10.52768805,-1.743127612,-10.12024956,-1.509900321,-10.55687161
1910131310010,MHSKOM19029,Pendidikan Komputer,2.45,21,2.58,37,2.78,50,2.32,68,2.19,77,-2.391186004,1.065093516,-2.414292692,-3.433515166,-2.10433751,-3.501102019,-3.538963186,-3.271063475,-3.848087728,-4.365967269
1910131310011,MHSKOM19030,Pendidikan Komputer,2.45,21,2.47,39,2.51,51,2.31,59,2.32,66,-2.391186004,1.065093516,-2.730805541,-2.095454109,-2.959700947,-3.258805948,-3.570469074,-4.85164488,-3.453328815,-5.846400916
1910131320006,MHSKOM19031,Pendidikan Komputer,3.43,21,3.52,42,3.52,65,3.6,89,3.57,113,0.21064077,1.065093516,0.290453472,-0.088362523,0.239991908,0.133339032,0.493790384,0.416959805,0.342429962,0.479088304
1910131320007,MHSKOM19032,Pendidikan Komputer,3.18,21,3.34,42,3.36,63,3.39,84,3.46,107,-0.45309055,1.065093516,-0.227476644,-0.088362523,-0.266890129,-0.351253108,-0.167833249,-0.461140976,0.008403189,-0.328420958
1910131320008,MHSKOM19033,Pendidikan Komputer,3.76,21,3.73,42,3.71,65,3.74,89,3.74,113,1.086766112,1.065093516,0.894705275,-0.088362523,0.841914326,0.133339032,0.934872806,0.416959805,0.858653155,0.479088304
1910131320014,MHSKOM19034,Pendidikan Komputer,2.52,21,2.93,37,3.34,52,3.39,74,3.38,96,-2.205341234,1.065093516,-1.407206354,-3.433515166,-0.330250383,-3.016509878,-0.167833249,-2.217342538,-0.234525372,-1.808854605
1910118110002,MHSMTK19001,Pendidikan Matematika,3.96,21,3.89,44,3.8,67,3.82,91,3.75,113,1.617751168,1.065093516,1.355087601,1.249698535,1.127035471,0.617931172,1.186919904,0.768200117,0.889019225,0.479088304
1910118110003,MHSMTK19002,Pendidikan Matematika,3.7,21,3.76,44,3.55,66,3.52,89,3.47,112,0.927470595,1.065093516,0.981026961,1.249698535,0.335032289,0.375635102,0.241743286,0.416959805,0.038769259,0.344503427
1910118110009,MHSMTK19003,Pendidikan Matematika,3.94,21,3.97,44,3.93,68,3.94,91,3.94,114,1.564652662,1.065093516,1.585278763,1.249698535,1.538877126,0.860227242,1.564990551,0.768200117,1.465974559,0.613673181
1910118120001,MHSMTK19004,Pendidikan Matematika,3.25,21,3.39,44,3.38,66,3.36,89,3.36,110,-0.26724578,1.065093516,-0.083607168,1.249698535,-0.203529874,0.375635102,-0.26235091,0.416959805,-0.295257513,0.075333673
1910118120004,MHSMTK19005,Pendidikan Matematika,3.68,21,3.72,44,3.67,66,3.72,89,3.69,112,0.87437209,1.065093516,0.865931379,1.249698535,0.715193817,0.375635102,0.871861031,0.416959805,0.706822804,0.344503427
1910118120005,MHSMTK19006,Pendidikan Matematika,3.77,21,3.72,44,3.75,66,3.7,89,3.75,112,1.113315365,1.065093516,0.865931379,1.249698535,0.968634835,0.375635102,0.808849257,0.416959805,0.889019225,0.344503427
1910118120006,MHSMTK19007,Pendidikan Matematika,3.54,21,3.51,44,3.52,66,3.49,89,3.48,112,0.50268255,1.065093516,0.261679577,1.249698535,0.239991908,0.375635102,0.147225624,0.416959805,0.06913533,0.344503427
1910118120007,MHSMTK19008,Pendidikan Matematika,3.44,21,3.55,44,3.49,66,3.43,89,3.44,112,0.237190023,1.065093516,0.376775158,1.249698535,0.144951526,0.375635102,-0.041809699,0.416959805,-0.052328951,0.344503427
1910118120008,MHSMTK19009,Pendidikan Matematika,3.13,21,3.24,44,3.39,66,3.47,89,3.52,112,-0.585836814,1.065093516,-0.515215598,1.249698535,-0.171849747,0.375635102,0.08421385,0.416959805,0.190599611,0.344503427
1910118120010,MHSMTK19010,Pendidikan Matematika,3.79,21,3.67,44,3.56,67,3.57,90,3.6,116,1.16641387,1.065093516,0.722061903,1.249698535,0.366712417,0.617931172,0.399272722,0.592579961,0.433528172,0.882842936
1910118120011,MHSMTK19011,Pendidikan Matematika,3.13,21,3.05,44,3.18,66,3.25,89,3.32,112,-0.585836814,1.065093516,-1.06191961,1.249698535,-0.83713242,0.375635102,-0.60891567,0.416959805,-0.416721794,0.344503427
1910118120012,MHSMTK19012,Pendidikan Matematika,3.26,21,3.39,44,3.45,66,3.44,89,3.53,112,-0.240696528,1.065093516,-0.083607168,1.249698535,0.018231017,0.375635102,-0.010303812,0.416959805,0.220965681,0.344503427
1910118120013,MHSMTK19013,Pendidikan Matematika,3.94,21,3.84,44,3.83,67,3.85,90,3.87,114,1.564652662,1.065093516,1.211218124,1.249698535,1.222075853,0.617931172,1.281437566,0.592579961,1.253412068,0.613673181
1910118120014,MHSMTK19014,Pendidikan Matematika,3.76,21,3.37,44,3.21,67,3.24,89,3.34,111,1.086766112,1.065093516,-0.141154958,1.249698535,-0.742092038,0.617931172,-0.640421558,0.416959805,-0.355989653,0.20991855
1910118120015,MHSMTK19015,Pendidikan Matematika,3.87,21,3.8,44,3.79,68,3.81,91,3.83,114,1.378807893,1.065093516,1.096122542,1.249698535,1.095355344,0.860227242,1.155414017,0.768200117,1.131947787,0.613673181
1910118120016,MHSMTK19016,Pendidikan Matematika,3.08,21,3.17,44,3.09,66,3.06,87,3.06,108,-0.718583078,1.065093516,-0.716632866,1.249698535,-1.122253565,0.375635102,-1.207527528,0.065719492,-1.206239619,-0.193836081
1910118120017,MHSMTK19017,Pendidikan Matematika,2.68,21,2.55,41,2.58,59,2.69,79,2.86,102,-1.780553189,1.065093516,-2.500614378,-0.757393051,-2.737940056,-1.320437388,-2.373245357,-1.339241757,-1.813561023,-1.001345343
1910118120018,MHSMTK19018,Pendidikan Matematika,3.68,21,3.72,44,3.69,66,3.71,89,3.75,112,0.87437209,1.065093516,0.865931379,1.249698535,0.778554071,0.375635102,0.840355144,0.416959805,0.889019225,0.344503427
1910118210011,MHSMTK19021,Pendidikan Matematika,2.92,21,3.03,41,3.02,63,3.1,85,3.14,108,-1.143371123,1.065093516,-1.119467401,-0.757393051,-1.344014456,-0.351253108,-1.081503979,-0.28552082,-0.963311058,-0.193836081
1910118210015,MHSMTK19022,Pendidikan Matematika,3.13,21,2.95,44,3.07,66,3.19,89,3.17,112,-0.585836814,1.065093516,-1.349658564,1.249698535,-1.18561382,0.375635102,-0.797950994,0.416959805,-0.872212847,0.344503427
1910118210021,MHSMTK19023,Pendidikan Matematika,3.32,21,3.25,44,3.18,66,3.2,89,3.25,112,-0.081401011,1.065093516,-0.486441703,1.249698535,-0.83713242,0.375635102,-0.766445107,0.416959805,-0.629284285,0.344503427
1910118210026,MHSMTK19024,Pendidikan Matematika,2.94,21,3.05,41,2.95,63,3.01,85,3.09,108,-1.090272617,1.065093516,-1.06191961,-0.757393051,-1.565775347,-0.351253108,-1.365056965,-0.28552082,-1.115141409,-0.193836081
1910118220001,MHSMTK19025,Pendidikan Matematika,3.85,21,3.76,44,3.62,67,3.63,90,3.72,114,1.325709387,1.065093516,0.981026961,1.249698535,0.55679318,0.617931172,0.588308046,0.592579961,0.797921015,0.613673181
1910118220002,MHSMTK19026,Pendidikan Matematika,3.37,21,3.43,44,3.48,66,3.47,89,3.5,112,0.051345253,1.065093516,0.031488414,1.249698535,0.113271398,0.375635102,0.08421385,0.416959805,0.12986747,0.344503427
1910118220003,MHSMTK19027,Pendidikan Matematika,3.32,21,3.4,44,3.47,66,3.46,89,3.53,112,-0.081401011,1.065093516,-0.054833272,1.249698535,0.081591271,0.375635102,0.052707962,0.416959805,0.220965681,0.344503427
1910118220004,MHSMTK19028,Pendidikan Matematika,3.63,21,3.64,44,3.6,67,3.68,90,3.7,114,0.741625826,1.065093516,0.635740216,1.249698535,0.493432926,0.617931172,0.745837482,0.592579961,0.737188874,0.613673181
1910118220007,MHSMTK19029,Pendidikan Matematika,3.69,21,3.62,44,3.42,66,3.29,89,3.21,110,0.900921342,1.065093516,0.578192426,1.249698535,-0.076809365,0.375635102,-0.482892121,0.416959805,-0.750748566,0.075333673
1910118220008,MHSMTK19030,Pendidikan Matematika,3.29,21,3.38,44,3.38,67,3.34,90,3.39,108,-0.161048769,1.065093516,-0.112381063,1.249698535,-0.203529874,0.617931172,-0.325362685,0.592579961,-0.204159302,-0.193836081
1910118220009,MHSMTK19031,Pendidikan Matematika,2.82,21,3.03,41,3.13,61,3.19,84,3.25,105,-1.40886365,1.065093516,-1.119467401,-0.757393051,-0.995533056,-0.835845248,-0.797950994,-0.461140976,-0.629284285,-0.597590712
1910118220010,MHSMTK19032,Pendidikan Matematika,3.36,21,3.31,44,3.23,66,3.22,89,3.29,112,0.024796,1.065093516,-0.313798331,1.249698535,-0.678731783,0.375635102,-0.703433332,0.416959805,-0.507820004,0.344503427
1910118220012,MHSMTK19033,Pendidikan Matematika,3.51,21,3.38,44,3.22,67,3.29,89,3.34,111,0.423034792,1.065093516,-0.112381063,1.249698535,-0.710411911,0.617931172,-0.482892121,0.416959805,-0.355989653,0.20991855
1910118220013,MHSMTK19034,Pendidikan Matematika,3.82,21,3.76,44,3.71,68,3.73,91,3.75,114,1.246061629,1.065093516,0.981026961,1.249698535,0.841914326,0.860227242,0.903366919,0.768200117,0.889019225,0.613673181
1910118220014,MHSMTK19035,Pendidikan Matematika,3.7,21,3.76,44,3.71,68,3.62,91,3.58,114,0.927470595,1.065093516,0.981026961,1.249698535,0.841914326,0.860227242,0.556802159,0.768200117,0.372796032,0.613673181
1910118220016,MHSMTK19036,Pendidikan Matematika,3.08,21,2.83,44,2.98,60,2.83,77,2.65,95,-0.718583078,1.065093516,-1.694945308,1.249698535,-1.470734965,-1.078141318,-1.932162936,-1.690482069,-2.451248498,-1.943439482
1910118220017,MHSMTK19037,Pendidikan Matematika,3.14,21,3.11,44,3.11,64,3.08,86,3.12,108,-0.559287561,1.065093516,-0.889276238,1.249698535,-1.058893311,-0.108957038,-1.144515754,-0.109900664,-1.024043198,-0.193836081
1910118220018,MHSMTK19038,Pendidikan Matematika,2.68,21,2.81,41,2.88,63,2.92,86,2.94,107,-1.780553189,1.065093516,-1.752493099,-0.757393051,-1.787536238,-0.351253108,-1.64860995,-0.109900664,-1.570632462,-0.328420958
1910118220019,MHSMTK19039,Pendidikan Matematika,3.8,21,3.77,44,3.77,68,3.79,91,3.8,114,1.192963123,1.065093516,1.009800856,1.249698535,1.031995089,0.860227242,1.092402242,0.768200117,1.040849576,0.613673181
1910118220020,MHSMTK19040,Pendidikan Matematika,3.17,21,3.3,44,3.22,66,3.23,89,3.28,112,-0.479639803,1.065093516,-0.342572226,1.249698535,-0.710411911,0.375635102,-0.671927445,0.416959805,-0.538186075,0.344503427
1910118220022,MHSMTK19041,Pendidikan Matematika,3.81,21,3.89,44,3.87,68,3.82,91,3.78,114,1.219512376,1.065093516,1.355087601,1.249698535,1.348796362,0.860227242,1.186919904,0.768200117,0.980117436,0.613673181
1910118220023,MHSMTK19042,Pendidikan Matematika,3.11,21,3.24,44,3.29,66,3.38,89,3.51,112,-0.638935319,1.065093516,-0.515215598,1.249698535,-0.48865102,0.375635102,-0.199339136,0.416959805,0.16023354,0.344503427
1910118220024,MHSMTK19043,Pendidikan Matematika,2.82,21,3.17,42,3.19,64,3.2,87,3.23,110,-1.40886365,1.065093516,-0.716632866,-0.088362523,-0.805452292,-0.108957038,-0.766445107,0.065719492,-0.690016426,0.075333673
1910118220025,MHSMTK19044,Pendidikan Matematika,3.68,21,3.81,44,3.77,66,3.74,89,3.77,112,0.87437209,1.065093516,1.124896438,1.249698535,1.031995089,0.375635102,0.934872806,0.416959805,0.949751366,0.344503427
1910118220027,MHSMTK19045,Pendidikan Matematika,3.63,21,3.45,44,3.38,66,3.42,89,3.45,112,0.741625826,1.065093516,0.089036205,1.249698535,-0.203529874,0.375635102,-0.073315587,0.416959805,-0.021962881,0.344503427
1910118220028,MHSMTK19046,Pendidikan Matematika,3.74,21,3.72,44,3.74,66,3.77,89,3.77,112,1.033667606,1.065093516,0.865931379,1.249698535,0.936954707,0.375635102,1.029390468,0.416959805,0.949751366,0.344503427
1910118220029,MHSMTK19047,Pendidikan Matematika,3.48,21,3.03,44,3.02,63,2.81,83,2.33,100,0.343387034,1.065093516,-1.119467401,1.249698535,-1.344014456,-0.351253108,-1.99517471,-0.636761132,-3.422962745,-1.270515097
1910118220030,MHSMTK19048,Pendidikan Matematika,2.82,21,2.66,42,2.64,60,2.61,80,2.65,99,-1.40886365,1.065093516,-2.184101529,-0.088362523,-2.547859292,-1.078141318,-2.625292456,-1.163621601,-2.451248498,-1.405099974
1910118310001,MHSMTK19049,Pendidikan Matematika,2.87,21,3.01,42,3.09,64,3.14,87,3.16,110,-1.276117386,1.065093516,-1.177015191,-0.088362523,-1.122253565,-0.108957038,-0.95548043,0.065719492,-0.902578917,0.075333673
1910118310016,MHSMTK19051,Pendidikan Matematika,2.58,21,2.5,40,2.82,53,2.64,72,2.55,84,-2.046045717,1.065093516,-2.644483855,-1.42642358,-1.977617001,-2.774213808,-2.530774794,-2.56858285,-2.7549092,-3.42387313
1910118310017,MHSMTK19052,Pendidikan Matematika,2.94,21,3.03,41,3.01,63,3.09,85,3.17,108,-1.090272617,1.065093516,-1.119467401,-0.757393051,-1.375694583,-0.351253108,-1.113009867,-0.28552082,-0.872212847,-0.193836081
1910118310021,MHSMTK19053,Pendidikan Matematika,2.49,21,2.25,39,2.35,55,2.55,75,2.69,98,-2.284988992,1.065093516,-3.363831239,-2.095454109,-3.466582983,-2.289621668,-2.814327779,-2.041722382,-2.329784217,-1.539684851
1910118310025,MHSMTK19054,Pendidikan Matematika,2.63,21,2.54,41,2.68,53,2.67,73,2.52,93,-1.913299453,1.065093516,-2.529388274,-0.757393051,-2.421138783,-2.774213808,-2.436257132,-2.392962694,-2.846007411,-2.212609236
1910118320002,MHSMTK19055,Pendidikan Matematika,2.63,21,2.7,41,2.8,63,2.84,85,2.83,106,-1.913299453,1.065093516,-2.069005948,-0.757393051,-2.040977256,-0.351253108,-1.900657048,-0.28552082,-1.904659234,-0.463005835
1910118320003,MHSMTK19056,Pendidikan Matematika,2.58,21,2.81,41,2.93,61,3.04,82,3.17,103,-2.046045717,1.065093516,-1.752493099,-0.757393051,-1.629135601,-0.835845248,-1.270539303,-0.812381288,-0.872212847,-0.866760466
1910118320004,MHSMTK19057,Pendidikan Matematika,3.33,21,3.12,44,3.12,66,3.14,89,3.17,112,-0.054851758,1.065093516,-0.860502342,1.249698535,-1.027213183,0.375635102,-0.95548043,0.416959805,-0.872212847,0.344503427
1910118320005,MHSMTK19058,Pendidikan Matematika,2.49,21,2.31,38,2.46,56,2.58,78,2.67,99,-2.284988992,1.065093516,-3.191187867,-2.764484638,-3.118101583,-2.047325598,-2.719810117,-1.514861913,-2.390516357,-1.405099974
1910118320006,MHSMTK19059,Pendidikan Matematika,2.46,21,2.68,38,2.74,60,2.88,82,2.79,105,-2.364636751,1.065093516,-2.126553738,-2.764484638,-2.231058019,-1.078141318,-1.774633499,-0.812381288,-2.026123515,-0.597590712
1910118320007,MHSMTK19060,Pendidikan Matematika,2.77,21,2.68,42,2.71,62,2.75,84,2.89,105,-1.541609914,1.065093516,-2.126553738,-0.088362523,-2.326098401,-0.593549178,-2.184210034,-0.461140976,-1.722462813,-0.597590712
1910118320009,MHSMTK19061,Pendidikan Matematika,2.99,21,3.31,42,3.31,64,3.38,87,3.34,110,-0.957526353,1.065093516,-0.313798331,-0.088362523,-0.425290765,-0.108957038,-0.199339136,0.065719492,-0.355989653,0.075333673
1910118320010,MHSMTK19062,Pendidikan Matematika,3.23,21,3.45,44,3.52,66,3.51,89,3.58,112,-0.320344286,1.065093516,0.089036205,1.249698535,0.239991908,0.375635102,0.210237399,0.416959805,0.372796032,0.344503427
1910118320011,MHSMTK19063,Pendidikan Matematika,3.2,21,3.32,44,3.17,66,3.16,87,3.04,110,-0.399992044,1.065093516,-0.285024435,1.249698535,-0.868812547,0.375635102,-0.892468656,0.065719492,-1.26697176,0.075333673
1910118320012,MHSMTK19064,Pendidikan Matematika,3.04,21,3.33,44,3.41,66,3.41,89,3.48,112,-0.824780089,1.065093516,-0.25625054,1.249698535,-0.108489492,0.375635102,-0.104821474,0.416959805,0.06913533,0.344503427
1910118320013,MHSMTK19065,Pendidikan Matematika,3.25,21,3.07,44,3.01,66,3.1,88,3.19,109,-0.26724578,1.065093516,-1.004371819,1.249698535,-1.375694583,0.375635102,-1.081503979,0.241339649,-0.811480706,-0.059251204
1910118320014,MHSMTK19066,Pendidikan Matematika,3.06,21,2.94,44,3,66,2.99,89,2.97,110,-0.771681583,1.065093516,-1.378432459,1.249698535,-1.40737471,0.375635102,-1.428068739,0.416959805,-1.479534251,0.075333673
1910118320015,MHSMTK19067,Pendidikan Matematika,3.14,21,3.33,44,3.25,66,3.26,89,3.29,110,-0.559287561,1.065093516,-0.25625054,1.249698535,-0.615371529,0.375635102,-0.577409783,0.416959805,-0.507820004,0.075333673
1910118320018,MHSMTK19068,Pendidikan Matematika,2.56,21,2.55,41,2.54,61,2.62,81,2.68,101,-2.099144223,1.065093516,-2.500614378,-0.757393051,-2.864660565,-0.835845248,-2.593786568,-0.988001445,-2.360150287,-1.13593022
1910118320019,MHSMTK19069,Pendidikan Matematika,2.58,21,2.48,41,2.53,59,2.66,79,2.81,102,-2.046045717,1.065093516,-2.702031646,-0.757393051,-2.896340692,-1.320437388,-2.467763019,-1.339241757,-1.965391374,-1.001345343
1910118320020,MHSMTK19070,Pendidikan Matematika,2.65,21,2.52,41,2.55,59,2.77,77,2.82,98,-1.860200948,1.065093516,-2.586936064,-0.757393051,-2.832980438,-1.320437388,-2.121198259,-1.690482069,-1.935025304,-1.539684851
1910118320022,MHSMTK19071,Pendidikan Matematika,2.77,21,2.79,41,2.84,63,2.9,85,2.88,108,-1.541609914,1.065093516,-1.810040889,-0.757393051,-1.914256747,-0.351253108,-1.711621725,-0.28552082,-1.752828883,-0.193836081
1910118320023,MHSMTK19072,Pendidikan Matematika,2.68,21,2.91,41,3.01,63,3.04,86,3.12,109,-1.780553189,1.065093516,-1.464754145,-0.757393051,-1.375694583,-0.351253108,-1.270539303,-0.109900664,-1.024043198,-0.059251204
1910118320024,MHSMTK19073,Pendidikan Matematika,3.13,21,2.97,44,3.03,66,3.08,89,3.1,112,-0.585836814,1.065093516,-1.292110773,1.249698535,-1.312334329,0.375635102,-1.144515754,0.416959805,-1.084775338,0.344503427
1910120110005,MHSKIM19001,Pendidikan Kimia,3.08,20,3.3,42,3.27,64,3.27,86,3.27,109,-0.718583078,0.185353936,-0.342572226,-0.088362523,-0.552011274,-0.108957038,-0.545903896,-0.109900664,-0.568552145,-0.059251204
1910120110012,MHSKIM19003,Pendidikan Kimia,3.22,20,3.51,42,3.53,64,3.55,88,3.58,111,-0.346893539,0.185353936,0.261679577,-0.088362523,0.271672035,-0.108957038,0.336260948,0.241339649,0.372796032,0.20991855
1910120120001,MHSKIM19004,Pendidikan Kimia,3.51,20,3.31,44,3.23,66,3.26,88,3.39,111,0.423034792,0.185353936,-0.313798331,1.249698535,-0.678731783,0.375635102,-0.577409783,0.241339649,-0.204159302,0.20991855
1910120120002,MHSKIM19005,Pendidikan Kimia,3.16,20,3.15,42,3.25,64,3.28,86,3.3,109,-0.506189056,0.185353936,-0.774180656,-0.088362523,-0.615371529,-0.108957038,-0.514398009,-0.109900664,-0.477453934,-0.059251204
1910120120003,MHSKIM19006,Pendidikan Kimia,3.35,20,3.4,42,3.28,64,3.24,86,3.25,109,-0.001753253,0.185353936,-0.054833272,-0.088362523,-0.520331147,-0.108957038,-0.640421558,-0.109900664,-0.629284285,-0.059251204
1910120120004,MHSKIM19007,Pendidikan Kimia,3.35,20,3.49,42,3.48,64,3.52,86,3.53,109,-0.001753253,0.185353936,0.204131786,-0.088362523,0.113271398,-0.108957038,0.241743286,-0.109900664,0.220965681,-0.059251204
1910120120006,MHSKIM19008,Pendidikan Kimia,3.08,20,3.26,42,3.25,64,3.31,86,3.34,109,-0.718583078,0.185353936,-0.457667807,-0.088362523,-0.615371529,-0.108957038,-0.419880347,-0.109900664,-0.355989653,-0.059251204
1910120120007,MHSKIM19009,Pendidikan Kimia,3.59,20,3.41,44,3.39,66,3.38,88,3.43,111,0.635428814,0.185353936,-0.026059377,1.249698535,-0.171849747,0.375635102,-0.199339136,0.241339649,-0.082695021,0.20991855
1910120120008,MHSKIM19010,Pendidikan Kimia,3.36,20,3.3,42,3.27,64,3.33,86,3.36,109,0.024796,0.185353936,-0.342572226,-0.088362523,-0.552011274,-0.108957038,-0.356868572,-0.109900664,-0.295257513,-0.059251204
1910120120013,MHSKIM19013,Pendidikan Kimia,3.65,20,3.56,44,3.41,66,3.39,88,3.41,111,0.794724331,0.185353936,0.405549054,1.249698535,-0.108489492,0.375635102,-0.167833249,0.241339649,-0.143427162,0.20991855
1910120120014,MHSKIM19014,Pendidikan Kimia,3.15,20,3.13,42,3.17,64,3.21,86,3.25,109,-0.532738308,0.185353936,-0.831728447,-0.088362523,-0.868812547,-0.108957038,-0.734939219,-0.109900664,-0.629284285,-0.059251204
1910120120015,MHSKIM19015,Pendidikan Kimia,3.46,20,3.41,42,3.34,64,3.38,86,3.35,109,0.290288528,0.185353936,-0.026059377,-0.088362523,-0.330250383,-0.108957038,-0.199339136,-0.109900664,-0.325623583,-0.059251204
1910120120016,MHSKIM19016,Pendidikan Kimia,3.48,20,3.57,42,3.56,64,3.58,88,3.64,111,0.343387034,0.185353936,0.434322949,-0.088362523,0.366712417,-0.108957038,0.43077861,0.241339649,0.554992453,0.20991855
1910120120017,MHSKIM19017,Pendidikan Kimia,3.61,20,3.73,44,3.68,66,3.66,90,3.67,116,0.68852732,0.185353936,0.894705275,1.249698535,0.746873944,0.375635102,0.682825708,0.592579961,0.646090664,0.882842936
1910120120018,MHSKIM19018,Pendidikan Kimia,3.34,20,3.3,42,3.34,64,3.38,86,3.37,109,-0.028302505,0.185353936,-0.342572226,-0.088362523,-0.330250383,-0.108957038,-0.199339136,-0.109900664,-0.264891443,-0.059251204
1910120120019,MHSKIM19019,Pendidikan Kimia,3.74,20,3.69,44,3.54,66,3.48,88,3.5,114,1.033667606,0.185353936,0.779609693,1.249698535,0.303352162,0.375635102,0.115719737,0.241339649,0.12986747,0.613673181
1910120120020,MHSKIM19020,Pendidikan Kimia,3.15,20,3.13,42,3.18,64,3.23,86,3.25,109,-0.532738308,0.185353936,-0.831728447,-0.088362523,-0.83713242,-0.108957038,-0.671927445,-0.109900664,-0.629284285,-0.059251204
1910120210014,MHSKIM19021,Pendidikan Kimia,3.12,20,3.47,42,3.5,64,3.55,88,3.56,111,-0.612386067,0.185353936,0.146583995,-0.088362523,0.176631653,-0.108957038,0.336260948,0.241339649,0.312063891,0.20991855
1910120210019,MHSKIM19022,Pendidikan Kimia,3.36,20,3.54,42,3.43,64,3.46,86,3.5,109,0.024796,0.185353936,0.348001263,-0.088362523,-0.045129238,-0.108957038,0.052707962,-0.109900664,0.12986747,-0.059251204
1910120210020,MHSKIM19023,Pendidikan Kimia,3.38,20,3.57,42,3.52,64,3.47,86,3.43,109,0.077894506,0.185353936,0.434322949,-0.088362523,0.239991908,-0.108957038,0.08421385,-0.109900664,-0.082695021,-0.059251204
1910120210024,MHSKIM19024,Pendidikan Kimia,3.92,20,3.78,44,3.73,68,3.74,92,3.79,119,1.511554156,0.185353936,1.038574752,1.249698535,0.90527458,0.860227242,0.934872806,0.943820273,1.010483506,1.286597567
1910120220001,MHSKIM19025,Pendidikan Kimia,3.94,20,3.93,44,3.85,66,3.77,90,3.78,113,1.564652662,0.185353936,1.470183182,1.249698535,1.285436107,0.375635102,1.029390468,0.592579961,0.980117436,0.479088304
1910120220002,MHSKIM19026,Pendidikan Kimia,3.15,20,3.17,42,3.2,64,3.24,86,3.24,109,-0.532738308,0.185353936,-0.716632866,-0.088362523,-0.773772165,-0.108957038,-0.640421558,-0.109900664,-0.659650355,-0.059251204
1910120220003,MHSKIM19027,Pendidikan Kimia,3.45,20,3.36,42,3.22,64,3.28,86,3.33,109,0.263739275,0.185353936,-0.169928854,-0.088362523,-0.710411911,-0.108957038,-0.514398009,-0.109900664,-0.386355724,-0.059251204
1910120220005,MHSKIM19029,Pendidikan Kimia,3.29,20,3.32,42,3.25,64,3.28,86,3.28,109,-0.161048769,0.185353936,-0.285024435,-0.088362523,-0.615371529,-0.108957038,-0.514398009,-0.109900664,-0.538186075,-0.059251204
1910120220007,MHSKIM19031,Pendidikan Kimia,3.3,20,3.25,42,3.25,64,3.28,86,3.3,109,-0.134499516,0.185353936,-0.486441703,-0.088362523,-0.615371529,-0.108957038,-0.514398009,-0.109900664,-0.477453934,-0.059251204
1910120220008,MHSKIM19032,Pendidikan Kimia,3.08,20,3.26,42,3.29,64,3.34,86,3.36,109,-0.718583078,0.185353936,-0.457667807,-0.088362523,-0.48865102,-0.108957038,-0.325362685,-0.109900664,-0.295257513,-0.059251204
1910120220009,MHSKIM19033,Pendidikan Kimia,3.08,20,3.07,42,3.02,64,3.06,86,3.03,109,-0.718583078,0.185353936,-1.004371819,-0.088362523,-1.344014456,-0.108957038,-1.207527528,-0.109900664,-1.29733783,-0.059251204
1910120220010,MHSKIM19034,Pendidikan Kimia,3.56,20,3.65,44,3.61,68,3.62,90,3.64,116,0.555781056,0.185353936,0.664514112,1.249698535,0.525113053,0.860227242,0.556802159,0.592579961,0.554992453,0.882842936
1910120220011,MHSKIM19035,Pendidikan Kimia,3.24,20,3.36,42,3.21,64,3.25,86,3.25,109,-0.293795033,0.185353936,-0.169928854,-0.088362523,-0.742092038,-0.108957038,-0.60891567,-0.109900664,-0.629284285,-0.059251204
1910120220012,MHSKIM19036,Pendidikan Kimia,3.62,20,3.58,44,3.57,68,3.59,92,3.57,115,0.715076573,0.185353936,0.463096844,1.249698535,0.398392544,0.860227242,0.462284497,0.943820273,0.342429962,0.748258058
1910120220013,MHSKIM19037,Pendidikan Kimia,3.84,20,3.51,42,3.46,64,3.45,86,3.45,109,1.299160134,0.185353936,0.261679577,-0.088362523,0.049911144,-0.108957038,0.021202075,-0.109900664,-0.021962881,-0.059251204
1910120220015,MHSKIM19038,Pendidikan Kimia,3.31,20,3.2,42,3.01,64,3.04,83,3.12,106,-0.107950264,0.185353936,-0.63031118,-0.088362523,-1.375694583,-0.108957038,-1.270539303,-0.636761132,-1.024043198,-0.463005835
1910120220016,MHSKIM19039,Pendidikan Kimia,3.54,20,3.6,44,3.59,68,3.64,90,3.66,116,0.50268255,0.185353936,0.520644635,1.249698535,0.461752798,0.860227242,0.619813933,0.592579961,0.615724593,0.882842936
1910120220017,MHSKIM19040,Pendidikan Kimia,3.71,20,3.72,44,3.62,66,3.6,88,3.6,111,0.954019848,0.185353936,0.865931379,1.249698535,0.55679318,0.375635102,0.493790384,0.241339649,0.433528172,0.20991855
1910120220018,MHSKIM19041,Pendidikan Kimia,3.2,20,3.36,42,3.3,65,3.32,87,3.42,110,-0.399992044,0.185353936,-0.169928854,-0.088362523,-0.456970892,0.133339032,-0.388374459,0.065719492,-0.113061092,0.075333673
1910120220021,MHSKIM19042,Pendidikan Kimia,3.61,20,3.57,44,3.57,66,3.54,90,3.56,116,0.68852732,0.185353936,0.434322949,1.249698535,0.398392544,0.375635102,0.304755061,0.592579961,0.312063891,0.882842936
1910120220022,MHSKIM19043,Pendidikan Kimia,3.5,20,3.4,42,3.31,64,3.29,86,3.35,109,0.396485539,0.185353936,-0.054833272,-0.088362523,-0.425290765,-0.108957038,-0.482892121,-0.109900664,-0.325623583,-0.059251204
1910120220026,MHSKIM19046,Pendidikan Kimia,3.28,20,3.25,42,3.26,64,3.27,86,3.24,109,-0.187598022,0.185353936,-0.486441703,-0.088362523,-0.583691401,-0.108957038,-0.545903896,-0.109900664,-0.659650355,-0.059251204
1910120220027,MHSKIM19047,Pendidikan Kimia,3.45,20,3.42,42,3.3,64,3.35,86,3.37,109,0.263739275,0.185353936,0.002714518,-0.088362523,-0.456970892,-0.108957038,-0.293856798,-0.109900664,-0.264891443,-0.059251204
1910120310001,MHSKIM19048,Pendidikan Kimia,3.26,20,3.27,42,3.22,64,3.28,86,3.32,109,-0.240696528,0.185353936,-0.428893912,-0.088362523,-0.710411911,-0.108957038,-0.514398009,-0.109900664,-0.416721794,-0.059251204
1910120310009,MHSKIM19049,Pendidikan Kimia,2.95,20,3.02,42,3.03,64,3.13,86,3.08,109,-1.063723364,0.185353936,-1.148241296,-0.088362523,-1.312334329,-0.108957038,-0.986986318,-0.109900664,-1.145507479,-0.059251204
1910120320002,MHSKIM19050,Pendidikan Kimia,2.9,20,3.04,42,3.07,64,3.15,86,3.24,109,-1.196469628,0.185353936,-1.090693505,-0.088362523,-1.18561382,-0.108957038,-0.923974543,-0.109900664,-0.659650355,-0.059251204
1910120320003,MHSKIM19051,Pendidikan Kimia,3.08,20,3.04,42,2.97,64,3.03,86,3.05,109,-0.718583078,0.185353936,-1.090693505,-0.088362523,-1.502415092,-0.108957038,-1.30204519,-0.109900664,-1.236605689,-0.059251204
1910120320004,MHSKIM19052,Pendidikan Kimia,3,20,3.11,42,3.18,64,3.21,86,3.28,109,-0.9309771,0.185353936,-0.889276238,-0.088362523,-0.83713242,-0.108957038,-0.734939219,-0.109900664,-0.538186075,-0.059251204
1910120320005,MHSKIM19053,Pendidikan Kimia,3.41,20,3.54,42,3.47,64,3.44,86,3.48,109,0.157542264,0.185353936,0.348001263,-0.088362523,0.081591271,-0.108957038,-0.010303812,-0.109900664,0.06913533,-0.059251204
1910120320006,MHSKIM19054,Pendidikan Kimia,3.6,20,3.53,44,3.55,66,3.53,88,3.6,114,0.661978067,0.185353936,0.319227367,1.249698535,0.335032289,0.375635102,0.273249173,0.241339649,0.433528172,0.613673181
1910120320007,MHSKIM19055,Pendidikan Kimia,3.35,20,3.22,42,3.12,64,3.13,86,3.13,109,-0.001753253,0.185353936,-0.572763389,-0.088362523,-1.027213183,-0.108957038,-0.986986318,-0.109900664,-0.993677128,-0.059251204
1910120320008,MHSKIM19056,Pendidikan Kimia,2.92,20,2.98,42,3.04,64,3.11,86,3.17,109,-1.143371123,0.185353936,-1.263336878,-0.088362523,-1.280654201,-0.108957038,-1.049998092,-0.109900664,-0.872212847,-0.059251204
1910120320010,MHSKIM19057,Pendidikan Kimia,3.05,20,3.08,42,3.14,64,3.15,86,3.14,109,-0.798230836,0.185353936,-0.975597924,-0.088362523,-0.963852929,-0.108957038,-0.923974543,-0.109900664,-0.963311058,-0.059251204
1910119110009,MHSBIO19001,Pendidikan Biologi,3.61,18,3.62,42,3.64,67,3.54,90,3.55,113,0.68852732,-1.574125222,0.578192426,-0.088362523,0.620153435,0.617931172,0.304755061,0.592579961,0.281697821,0.479088304
1910119110014,MHSBIO19002,Pendidikan Biologi,3.58,18,3.69,42,3.72,65,3.62,88,3.62,109,0.608879562,-1.574125222,0.779609693,-0.088362523,0.873594453,0.133339032,0.556802159,0.241339649,0.494260313,-0.059251204
1910119110019,MHSBIO19003,Pendidikan Biologi,3.78,18,3.84,42,3.87,65,3.88,88,3.9,113,1.139864617,-1.574125222,1.211218124,-0.088362523,1.348796362,0.133339032,1.375955228,0.241339649,1.344510279,0.479088304
1910119120001,MHSBIO19004,Pendidikan Biologi,3.76,18,3.85,42,3.8,65,3.76,88,3.77,111,1.086766112,-1.574125222,1.239992019,-0.088362523,1.127035471,0.133339032,0.99788458,0.241339649,0.949751366,0.20991855
1910119120002,MHSBIO19005,Pendidikan Biologi,3.94,18,3.91,42,3.89,69,3.9,92,3.9,113,1.564652662,-1.574125222,1.412635391,-0.088362523,1.412156616,1.102523312,1.438967002,0.943820273,1.344510279,0.479088304
1910119120003,MHSBIO19006,Pendidikan Biologi,3.86,18,3.82,42,3.85,67,3.88,90,3.88,115,1.35225864,-1.574125222,1.153670333,-0.088362523,1.285436107,0.617931172,1.375955228,0.592579961,1.283778138,0.748258058
1910119120004,MHSBIO19007,Pendidikan Biologi,3.83,18,3.82,42,3.81,65,3.78,88,3.81,113,1.272610881,-1.574125222,1.153670333,-0.088362523,1.158715598,0.133339032,1.060896355,0.241339649,1.071215647,0.479088304
1910119120005,MHSBIO19008,Pendidikan Biologi,3.62,18,3.79,42,3.78,67,3.73,90,3.75,115,0.715076573,-1.574125222,1.067348647,-0.088362523,1.063675217,0.617931172,0.903366919,0.592579961,0.889019225,0.748258058
1910119120006,MHSBIO19009,Pendidikan Biologi,3.64,18,3.79,42,3.72,69,3.65,92,3.65,115,0.768175078,-1.574125222,1.067348647,-0.088362523,0.873594453,1.102523312,0.65131982,0.943820273,0.585358523,0.748258058
1910119120007,MHSBIO19010,Pendidikan Biologi,3.5,18,3.49,40,3.52,63,3.52,86,3.58,109,0.396485539,-1.574125222,0.204131786,-1.42642358,0.239991908,-0.351253108,0.241743286,-0.109900664,0.372796032,-0.059251204
1910119120008,MHSBIO19011,Pendidikan Biologi,3.58,18,3.64,42,3.64,65,3.65,88,3.7,113,0.608879562,-1.574125222,0.635740216,-0.088362523,0.620153435,0.133339032,0.65131982,0.241339649,0.737188874,0.479088304
1910119120010,MHSBIO19012,Pendidikan Biologi,3.67,18,3.79,42,3.81,67,3.72,90,3.73,111,0.847822837,-1.574125222,1.067348647,-0.088362523,1.158715598,0.617931172,0.871861031,0.592579961,0.828287085,0.20991855
1910119120011,MHSBIO19013,Pendidikan Biologi,3.54,18,3.57,42,3.5,65,3.41,88,3.49,111,0.50268255,-1.574125222,0.434322949,-0.088362523,0.176631653,0.133339032,-0.104821474,0.241339649,0.0995014,0.20991855
1910119120012,MHSBIO19014,Pendidikan Biologi,3.71,18,3.71,42,3.61,69,3.46,92,3.46,113,0.954019848,-1.574125222,0.837157484,-0.088362523,0.525113053,1.102523312,0.052707962,0.943820273,0.008403189,0.479088304
1910119120013,MHSBIO19015,Pendidikan Biologi,3.83,18,3.88,42,3.91,65,3.92,88,3.93,113,1.272610881,-1.574125222,1.326313705,-0.088362523,1.475516871,0.133339032,1.501978777,0.241339649,1.435608489,0.479088304
1910119120015,MHSBIO19016,Pendidikan Biologi,3.5,18,3.49,40,3.49,63,3.45,86,3.47,109,0.396485539,-1.574125222,0.204131786,-1.42642358,0.144951526,-0.351253108,0.021202075,-0.109900664,0.038769259,-0.059251204
1910119120016,MHSBIO19017,Pendidikan Biologi,3.46,18,3.61,40,3.58,67,3.54,90,3.53,113,0.290288528,-1.574125222,0.54941853,-1.42642358,0.430072671,0.617931172,0.304755061,0.592579961,0.220965681,0.479088304
1910119120017,MHSBIO19018,Pendidikan Biologi,3.64,18,3.67,42,3.69,65,3.64,88,3.68,111,0.768175078,-1.574125222,0.722061903,-0.088362523,0.778554071,0.133339032,0.619813933,0.241339649,0.676456734,0.20991855
1910119120018,MHSBIO19019,Pendidikan Biologi,3.43,18,3.49,40,3.44,63,3.44,84,3.47,105,0.21064077,-1.574125222,0.204131786,-1.42642358,-0.013449111,-0.351253108,-0.010303812,-0.461140976,0.038769259,-0.597590712
1910119120020,MHSBIO19020,Pendidikan Biologi,3.58,18,3.76,42,3.75,69,3.71,92,3.7,113,0.608879562,-1.574125222,0.981026961,-0.088362523,0.968634835,1.102523312,0.840355144,0.943820273,0.737188874,0.479088304
1910119210002,MHSBIO19022,Pendidikan Biologi,3.47,18,3.55,40,3.56,63,3.5,86,3.54,111,0.316837781,-1.574125222,0.376775158,-1.42642358,0.366712417,-0.351253108,0.178731511,-0.109900664,0.251331751,0.20991855
1910119210018,MHSBIO19024,Pendidikan Biologi,3.61,18,3.73,42,3.75,65,3.76,88,3.8,111,0.68852732,-1.574125222,0.894705275,-0.088362523,0.968634835,0.133339032,0.99788458,0.241339649,1.040849576,0.20991855
1910119210020,MHSBIO19025,Pendidikan Biologi,3.64,18,3.7,42,3.72,65,3.68,88,3.66,113,0.768175078,-1.574125222,0.808383589,-0.088362523,0.873594453,0.133339032,0.745837482,0.241339649,0.615724593,0.479088304
1910119210029,MHSBIO19026,Pendidikan Biologi,3.78,18,3.74,42,3.67,65,3.65,88,3.69,106,1.139864617,-1.574125222,0.92347917,-0.088362523,0.715193817,0.133339032,0.65131982,0.241339649,0.706822804,-0.463005835
1910119220001,MHSBIO19027,Pendidikan Biologi,3.78,18,3.83,42,3.82,65,3.81,88,3.83,113,1.139864617,-1.574125222,1.182444228,-0.088362523,1.190395726,0.133339032,1.155414017,0.241339649,1.131947787,0.479088304
1910119220003,MHSBIO19028,Pendidikan Biologi,3.81,18,3.79,42,3.8,69,3.75,92,3.77,113,1.219512376,-1.574125222,1.067348647,-0.088362523,1.127035471,1.102523312,0.966378693,0.943820273,0.949751366,0.479088304
1910119220004,MHSBIO19029,Pendidikan Biologi,3.76,18,3.72,42,3.72,69,3.73,92,3.76,113,1.086766112,-1.574125222,0.865931379,-0.088362523,0.873594453,1.102523312,0.903366919,0.943820273,0.919385296,0.479088304
1910119220005,MHSBIO19030,Pendidikan Biologi,3.54,18,3.69,42,3.66,69,3.58,92,3.62,113,0.50268255,-1.574125222,0.779609693,-0.088362523,0.683513689,1.102523312,0.43077861,0.943820273,0.494260313,0.479088304
1910119220006,MHSBIO19031,Pendidikan Biologi,3.69,18,3.74,42,3.77,69,3.68,92,3.65,113,0.900921342,-1.574125222,0.92347917,-0.088362523,1.031995089,1.102523312,0.745837482,0.943820273,0.585358523,0.479088304
1910119220007,MHSBIO19032,Pendidikan Biologi,3.72,18,3.8,42,3.78,65,3.78,88,3.81,111,0.980569101,-1.574125222,1.096122542,-0.088362523,1.063675217,0.133339032,1.060896355,0.241339649,1.071215647,0.20991855
1910119220009,MHSBIO19033,Pendidikan Biologi,3.69,18,3.78,42,3.83,69,3.84,92,3.86,115,0.900921342,-1.574125222,1.038574752,-0.088362523,1.222075853,1.102523312,1.249931679,0.943820273,1.223045998,0.748258058
1910119220010,MHSBIO19034,Pendidikan Biologi,3.92,18,3.84,42,3.81,69,3.84,92,3.87,113,1.511554156,-1.574125222,1.211218124,-0.088362523,1.158715598,1.102523312,1.249931679,0.943820273,1.253412068,0.479088304
1910119220011,MHSBIO19035,Pendidikan Biologi,3.58,18,3.71,42,3.66,67,3.67,90,3.68,113,0.608879562,-1.574125222,0.837157484,-0.088362523,0.683513689,0.617931172,0.714331595,0.592579961,0.676456734,0.479088304
1910119220012,MHSBIO19036,Pendidikan Biologi,3.53,18,3.6,42,3.61,69,3.65,92,3.65,115,0.476133298,-1.574125222,0.520644635,-0.088362523,0.525113053,1.102523312,0.65131982,0.943820273,0.585358523,0.748258058
1910119220013,MHSBIO19037,Pendidikan Biologi,3.42,18,3.51,40,3.44,67,3.37,90,3.41,111,0.184091517,-1.574125222,0.261679577,-1.42642358,-0.013449111,0.617931172,-0.230845023,0.592579961,-0.143427162,0.20991855
1910119220014,MHSBIO19038,Pendidikan Biologi,3.72,18,3.7,42,3.7,69,3.65,92,3.63,115,0.980569101,-1.574125222,0.808383589,-0.088362523,0.810234198,1.102523312,0.65131982,0.943820273,0.524626383,0.748258058
1910119220015,MHSBIO19039,Pendidikan Biologi,3.46,18,3.3,40,3.22,63,3.15,86,3.29,106,0.290288528,-1.574125222,-0.342572226,-1.42642358,-0.710411911,-0.351253108,-0.923974543,-0.109900664,-0.507820004,-0.463005835
1910119220016,MHSBIO19040,Pendidikan Biologi,3.92,18,3.93,42,3.88,69,3.89,92,3.87,113,1.511554156,-1.574125222,1.470183182,-0.088362523,1.380476489,1.102523312,1.407461115,0.943820273,1.253412068,0.479088304
1910119220017,MHSBIO19041,Pendidikan Biologi,3.81,18,3.84,42,3.88,67,3.87,90,3.88,115,1.219512376,-1.574125222,1.211218124,-0.088362523,1.380476489,0.617931172,1.34444934,0.592579961,1.283778138,0.748258058
1910119220019,MHSBIO19042,Pendidikan Biologi,3.81,18,3.88,42,3.9,65,3.88,88,3.89,113,1.219512376,-1.574125222,1.326313705,-0.088362523,1.443836744,0.133339032,1.375955228,0.241339649,1.314144208,0.479088304
1910119220021,MHSBIO19043,Pendidikan Biologi,3.69,18,3.74,42,3.82,65,3.83,88,3.82,113,0.900921342,-1.574125222,0.92347917,-0.088362523,1.190395726,0.133339032,1.218425791,0.241339649,1.101581717,0.479088304
1910119220022,MHSBIO19044,Pendidikan Biologi,3.75,18,3.8,42,3.77,69,3.79,92,3.78,113,1.060216859,-1.574125222,1.096122542,-0.088362523,1.031995089,1.102523312,1.092402242,0.943820273,0.980117436,0.479088304
1910119220023,MHSBIO19045,Pendidikan Biologi,3.61,18,3.68,42,3.75,65,3.71,88,3.74,113,0.68852732,-1.574125222,0.750835798,-0.088362523,0.968634835,0.133339032,0.840355144,0.241339649,0.858653155,0.479088304
1910119220024,MHSBIO19046,Pendidikan Biologi,3.53,18,3.65,42,3.58,65,3.55,88,3.54,111,0.476133298,-1.574125222,0.664514112,-0.088362523,0.430072671,0.133339032,0.336260948,0.241339649,0.251331751,0.20991855
1910119220025,MHSBIO19047,Pendidikan Biologi,3.75,18,3.74,42,3.75,69,3.74,92,3.78,113,1.060216859,-1.574125222,0.92347917,-0.088362523,0.968634835,1.102523312,0.934872806,0.943820273,0.980117436,0.479088304
1910119220026,MHSBIO19048,Pendidikan Biologi,3.69,18,3.74,42,3.68,69,3.64,92,3.65,113,0.900921342,-1.574125222,0.92347917,-0.088362523,0.746873944,1.102523312,0.619813933,0.943820273,0.585358523,0.479088304
1910119220027,MHSBIO19049,Pendidikan Biologi,3.75,18,3.76,42,3.78,69,3.77,92,3.77,112,1.060216859,-1.574125222,0.981026961,-0.088362523,1.063675217,1.102523312,1.029390468,0.943820273,0.949751366,0.344503427
1910119220030,MHSBIO19051,Pendidikan Biologi,3.89,18,3.79,42,3.76,65,3.76,88,3.79,113,1.431906398,-1.574125222,1.067348647,-0.088362523,1.000314962,0.133339032,0.99788458,0.241339649,1.010483506,0.479088304
1910119220031,MHSBIO19052,Pendidikan Biologi,3.86,18,3.89,42,3.9,67,3.88,90,3.9,113,1.35225864,-1.574125222,1.355087601,-0.088362523,1.443836744,0.617931172,1.375955228,0.592579961,1.344510279,0.479088304
1910119220032,MHSBIO19053,Pendidikan Biologi,3.61,18,3.5,42,3.39,65,3.33,88,3.35,111,0.68852732,-1.574125222,0.232905681,-0.088362523,-0.171849747,0.133339032,-0.356868572,0.241339649,-0.325623583,0.20991855
1910119220033,MHSBIO19054,Pendidikan Biologi,3.62,18,3.57,40,3.46,63,3.42,86,3.49,109,0.715076573,-1.574125222,0.434322949,-1.42642358,0.049911144,-0.351253108,-0.073315587,-0.109900664,0.0995014,-0.059251204
1910119220034,MHSBIO19055,Pendidikan Biologi,3.94,18,3.95,42,3.91,69,3.89,92,3.89,113,1.564652662,-1.574125222,1.527730973,-0.088362523,1.475516871,1.102523312,1.407461115,0.943820273,1.314144208,0.479088304
1910119220036,MHSBIO19057,Pendidikan Biologi,3.51,18,3.55,42,3.53,65,3.5,86,3.52,107,0.423034792,-1.574125222,0.376775158,-0.088362523,0.271672035,0.133339032,0.178731511,-0.109900664,0.190599611,-0.328420958
1910119220037,MHSBIO19058,Pendidikan Biologi,3.46,18,3.46,40,3.54,65,3.49,88,3.57,111,0.290288528,-1.574125222,0.1178101,-1.42642358,0.303352162,0.133339032,0.147225624,0.241339649,0.342429962,0.20991855
1910119220038,MHSBIO19059,Pendidikan Biologi,3.62,18,3.58,42,3.57,69,3.46,92,3.46,115,0.715076573,-1.574125222,0.463096844,-0.088362523,0.398392544,1.102523312,0.052707962,0.943820273,0.008403189,0.748258058
1910119320001,MHSBIO19061,Pendidikan Biologi,3.49,18,3.61,40,3.64,63,3.6,86,3.64,111,0.369936287,-1.574125222,0.54941853,-1.42642358,0.620153435,-0.351253108,0.493790384,-0.109900664,0.554992453,0.20991855
1910119320002,MHSBIO19062,Pendidikan Biologi,3.64,18,3.6,42,3.57,67,3.44,90,3.3,115,0.768175078,-1.574125222,0.520644635,-0.088362523,0.398392544,0.617931172,-0.010303812,0.592579961,-0.477453934,0.748258058
1910119320003,MHSBIO19063,Pendidikan Biologi,3.4,18,3.51,40,3.55,63,3.54,86,3.59,111,0.130993011,-1.574125222,0.261679577,-1.42642358,0.335032289,-0.351253108,0.304755061,-0.109900664,0.403162102,0.20991855
1910119320004,MHSBIO19064,Pendidikan Biologi,3.56,18,3.54,42,3.56,67,3.53,90,3.54,113,0.555781056,-1.574125222,0.348001263,-0.088362523,0.366712417,0.617931172,0.273249173,0.592579961,0.251331751,0.479088304
1910119320005,MHSBIO19065,Pendidikan Biologi,3.61,18,3.69,42,3.72,69,3.71,92,3.74,113,0.68852732,-1.574125222,0.779609693,-0.088362523,0.873594453,1.102523312,0.840355144,0.943820273,0.858653155,0.479088304
1910119320006,MHSBIO19066,Pendidikan Biologi,3.51,18,3.57,42,3.57,69,3.59,92,3.56,113,0.423034792,-1.574125222,0.434322949,-0.088362523,0.398392544,1.102523312,0.462284497,0.943820273,0.312063891,0.479088304
1910119320007,MHSBIO19067,Pendidikan Biologi,3.57,18,3.61,42,3.57,69,3.49,92,3.54,113,0.582330309,-1.574125222,0.54941853,-0.088362523,0.398392544,1.102523312,0.147225624,0.943820273,0.251331751,0.479088304
1910119320008,MHSBIO19068,Pendidikan Biologi,3.54,18,3.64,42,3.58,69,3.51,90,3.43,111,0.50268255,-1.574125222,0.635740216,-0.088362523,0.430072671,1.102523312,0.210237399,0.592579961,-0.082695021,0.20991855
1910119320009,MHSBIO19069,Pendidikan Biologi,3.61,18,3.7,42,3.71,65,3.7,88,3.73,113,0.68852732,-1.574125222,0.808383589,-0.088362523,0.841914326,0.133339032,0.808849257,0.241339649,0.828287085,0.479088304
1910119320012,MHSBIO19072,Pendidikan Biologi,3.58,18,3.73,42,3.7,69,3.62,92,3.59,115,0.608879562,-1.574125222,0.894705275,-0.088362523,0.810234198,1.102523312,0.556802159,0.943820273,0.403162102,0.748258058
1910119320013,MHSBIO19073,Pendidikan Biologi,3.69,18,3.73,42,3.73,65,3.7,88,3.73,113,0.900921342,-1.574125222,0.894705275,-0.088362523,0.90527458,0.133339032,0.808849257,0.241339649,0.828287085,0.479088304
1910119320014,MHSBIO19074,Pendidikan Biologi,3.43,18,3.49,40,3.48,63,3.47,86,3.46,109,0.21064077,-1.574125222,0.204131786,-1.42642358,0.113271398,-0.351253108,0.08421385,-0.109900664,0.008403189,-0.059251204
1910119320015,MHSBIO19075,Pendidikan Biologi,3.56,18,3.64,42,3.66,65,3.63,88,3.68,111,0.555781056,-1.574125222,0.635740216,-0.088362523,0.683513689,0.133339032,0.588308046,0.241339649,0.676456734,0.20991855
1910119320016,MHSBIO19076,Pendidikan Biologi,3.29,18,3.39,40,3.41,67,3.3,90,3.35,111,-0.161048769,-1.574125222,-0.083607168,-1.42642358,-0.108489492,0.617931172,-0.451386234,0.592579961,-0.325623583,0.20991855
1910119320017,MHSBIO19077,Pendidikan Biologi,3.54,18,3.6,42,3.57,65,3.59,88,3.61,113,0.50268255,-1.574125222,0.520644635,-0.088362523,0.398392544,0.133339032,0.462284497,0.241339649,0.463894242,0.479088304
1910119320019,MHSBIO19078,Pendidikan Biologi,3.35,18,3.37,40,3.29,63,3.24,86,3.34,109,-0.001753253,-1.574125222,-0.141154958,-1.42642358,-0.48865102,-0.351253108,-0.640421558,-0.109900664,-0.355989653,-0.059251204
1910119320021,MHSBIO19079,Pendidikan Biologi,3.43,18,3.48,40,3.5,63,3.49,86,3.6,109,0.21064077,-1.574125222,0.175357891,-1.42642358,0.176631653,-0.351253108,0.147225624,-0.109900664,0.433528172,-0.059251204
1910119320022,MHSBIO19080,Pendidikan Biologi,3.29,18,3.42,40,3.52,67,3.5,90,3.53,111,-0.161048769,-1.574125222,0.002714518,-1.42642358,0.239991908,0.617931172,0.178731511,0.592579961,0.220965681,0.20991855
1910119320023,MHSBIO19081,Pendidikan Biologi,3.62,18,3.62,42,3.56,65,3.56,88,3.59,111,0.715076573,-1.574125222,0.578192426,-0.088362523,0.366712417,0.133339032,0.367766835,0.241339649,0.403162102,0.20991855
1910119320024,MHSBIO19082,Pendidikan Biologi,3.51,18,3.53,42,3.53,69,3.54,92,3.56,113,0.423034792,-1.574125222,0.319227367,-0.088362523,0.271672035,1.102523312,0.304755061,0.943820273,0.312063891,0.479088304
1910119320025,MHSBIO19083,Pendidikan Biologi,3.57,18,3.49,40,3.44,67,3.34,90,3.4,113,0.582330309,-1.574125222,0.204131786,-1.42642358,-0.013449111,0.617931172,-0.325362685,0.592579961,-0.173793232,0.479088304
1910121110004,MHSFIS19001,Pendidikan Fisika,3.81,20,3.89,42,3.86,64,3.9,86,3.92,111,1.219512376,0.185353936,1.355087601,-0.088362523,1.317116235,-0.108957038,1.438967002,-0.109900664,1.405242419,0.20991855
1910121120001,MHSFIS19002,Pendidikan Fisika,3.49,20,3.6,42,3.56,64,3.59,86,3.6,113,0.369936287,0.185353936,0.520644635,-0.088362523,0.366712417,-0.108957038,0.462284497,-0.109900664,0.433528172,0.479088304
1910121120002,MHSFIS19003,Pendidikan Fisika,3.29,20,3.58,42,3.66,62,3.66,84,3.68,109,-0.161048769,0.185353936,0.463096844,-0.088362523,0.683513689,-0.593549178,0.682825708,-0.461140976,0.676456734,-0.059251204
1910121120003,MHSFIS19004,Pendidikan Fisika,3.08,20,3.38,42,3.46,64,3.49,86,3.48,109,-0.718583078,0.185353936,-0.112381063,-0.088362523,0.049911144,-0.108957038,0.147225624,-0.109900664,0.06913533,-0.059251204
1910121120005,MHSFIS19005,Pendidikan Fisika,3.5,20,3.66,42,3.68,66,3.68,90,3.71,113,0.396485539,0.185353936,0.693288007,-0.088362523,0.746873944,0.375635102,0.745837482,0.592579961,0.767554945,0.479088304
1910121120007,MHSFIS19007,Pendidikan Fisika,3.05,20,3.26,42,3.27,62,3.25,84,3.16,107,-0.798230836,0.185353936,-0.457667807,-0.088362523,-0.552011274,-0.593549178,-0.60891567,-0.461140976,-0.902578917,-0.328420958
1910121120008,MHSFIS19008,Pendidikan Fisika,3,20,3.4,42,3.56,64,3.56,86,3.59,113,-0.9309771,0.185353936,-0.054833272,-0.088362523,0.366712417,-0.108957038,0.367766835,-0.109900664,0.403162102,0.479088304
1910121120009,MHSFIS19009,Pendidikan Fisika,3.91,20,3.88,44,3.79,68,3.82,90,3.82,115,1.485004904,0.185353936,1.326313705,1.249698535,1.095355344,0.860227242,1.186919904,0.592579961,1.101581717,0.748258058
1910121120011,MHSFIS19011,Pendidikan Fisika,2.98,20,3.3,42,3.39,62,3.43,84,3.41,107,-0.984075606,0.185353936,-0.342572226,-0.088362523,-0.171849747,-0.593549178,-0.041809699,-0.461140976,-0.143427162,-0.328420958
1910121120012,MHSFIS19012,Pendidikan Fisika,3.2,20,3.45,42,3.57,62,3.62,84,3.63,109,-0.399992044,0.185353936,0.089036205,-0.088362523,0.398392544,-0.593549178,0.556802159,-0.461140976,0.524626383,-0.059251204
1910121120013,MHSFIS19013,Pendidikan Fisika,3.25,20,3.35,42,3.47,64,3.38,86,3.4,109,-0.26724578,0.185353936,-0.198702749,-0.088362523,0.081591271,-0.108957038,-0.199339136,-0.109900664,-0.173793232,-0.059251204
1910121120015,MHSFIS19015,Pendidikan Fisika,3.59,20,3.6,42,3.65,66,3.68,88,3.67,107,0.635428814,0.185353936,0.520644635,-0.088362523,0.651833562,0.375635102,0.745837482,0.241339649,0.646090664,-0.328420958
1910121210010,MHSFIS19016,Pendidikan Fisika,2.75,20,3.02,40,3.22,60,3.23,82,3.2,105,-1.59470842,0.185353936,-1.148241296,-1.42642358,-0.710411911,-1.078141318,-0.671927445,-0.812381288,-0.781114636,-0.597590712
1910121210014,MHSFIS19018,Pendidikan Fisika,2.78,20,3.13,42,3.24,62,3.17,84,3.12,105,-1.515060662,0.185353936,-0.831728447,-0.088362523,-0.647051656,-0.593549178,-0.860962768,-0.461140976,-1.024043198,-0.597590712
1910121210015,MHSFIS19019,Pendidikan Fisika,3.52,20,3.6,44,3.72,68,3.7,90,3.66,113,0.449584045,0.185353936,0.520644635,1.249698535,0.873594453,0.860227242,0.808849257,0.592579961,0.615724593,0.479088304
1910121210020,MHSFIS19020,Pendidikan Fisika,3.12,20,3.48,42,3.56,62,3.62,84,3.71,107,-0.612386067,0.185353936,0.175357891,-0.088362523,0.366712417,-0.593549178,0.556802159,-0.461140976,0.767554945,-0.328420958
1910121210025,MHSFIS19021,Pendidikan Fisika,2.82,20,3.11,42,3.32,62,3.29,84,3.34,107,-1.40886365,0.185353936,-0.889276238,-0.088362523,-0.393610638,-0.593549178,-0.482892121,-0.461140976,-0.355989653,-0.328420958
1910121210026,MHSFIS19022,Pendidikan Fisika,2.82,20,3.1,42,3.08,62,2.76,82,2.31,98,-1.40886365,0.185353936,-0.918050133,-0.088362523,-1.153933692,-0.593549178,-2.152704147,-0.812381288,-3.483694885,-1.539684851
1910121220001,MHSFIS19023,Pendidikan Fisika,3.25,20,3.54,42,3.63,64,3.63,86,3.65,113,-0.26724578,0.185353936,0.348001263,-0.088362523,0.588473307,-0.108957038,0.588308046,-0.109900664,0.585358523,0.479088304
1910121220002,MHSFIS19024,Pendidikan Fisika,3.08,20,3.3,42,3.39,64,3.5,86,3.61,109,-0.718583078,0.185353936,-0.342572226,-0.088362523,-0.171849747,-0.108957038,0.178731511,-0.109900664,0.463894242,-0.059251204
1910121220004,MHSFIS19026,Pendidikan Fisika,3.12,20,3.43,42,3.6,62,3.65,84,3.71,109,-0.612386067,0.185353936,0.031488414,-0.088362523,0.493432926,-0.593549178,0.65131982,-0.461140976,0.767554945,-0.059251204
1910121220005,MHSFIS19027,Pendidikan Fisika,3.2,20,3.52,42,3.58,66,3.54,90,3.53,113,-0.399992044,0.185353936,0.290453472,-0.088362523,0.430072671,0.375635102,0.304755061,0.592579961,0.220965681,0.479088304
1910121220006,MHSFIS19028,Pendidikan Fisika,3.29,20,3.52,42,3.64,64,3.64,86,3.68,113,-0.161048769,0.185353936,0.290453472,-0.088362523,0.620153435,-0.108957038,0.619813933,-0.109900664,0.676456734,0.479088304
1910121220007,MHSFIS19029,Pendidikan Fisika,3.08,20,3.44,42,3.47,62,3.49,84,3.49,107,-0.718583078,0.185353936,0.060262309,-0.088362523,0.081591271,-0.593549178,0.147225624,-0.461140976,0.0995014,-0.328420958
1910121220009,MHSFIS19030,Pendidikan Fisika,2.9,20,3.18,42,3.29,62,3.29,84,3.31,107,-1.196469628,0.185353936,-0.68785897,-0.088362523,-0.48865102,-0.593549178,-0.482892121,-0.461140976,-0.447087864,-0.328420958
1910121220011,MHSFIS19031,Pendidikan Fisika,3.45,20,3.68,42,3.7,64,3.66,86,3.67,109,0.263739275,0.185353936,0.750835798,-0.088362523,0.810234198,-0.108957038,0.682825708,-0.109900664,0.646090664,-0.059251204
1910121220013,MHSFIS19032,Pendidikan Fisika,2.9,20,3.24,42,3.38,62,3.34,84,3.39,107,-1.196469628,0.185353936,-0.515215598,-0.088362523,-0.203529874,-0.593549178,-0.325362685,-0.461140976,-0.204159302,-0.328420958
1910121220016,MHSFIS19033,Pendidikan Fisika,3.35,20,3.54,42,3.62,62,3.63,84,3.65,107,-0.001753253,0.185353936,0.348001263,-0.088362523,0.55679318,-0.593549178,0.588308046,-0.461140976,0.585358523,-0.328420958
1910121220017,MHSFIS19034,Pendidikan Fisika,3.1,20,3.38,42,3.66,64,3.67,86,3.68,113,-0.665484572,0.185353936,-0.112381063,-0.088362523,0.683513689,-0.108957038,0.714331595,-0.109900664,0.676456734,0.479088304
1910121220018,MHSFIS19035,Pendidikan Fisika,2.85,20,3.13,42,3.3,62,3.38,84,3.4,107,-1.329215892,0.185353936,-0.831728447,-0.088362523,-0.456970892,-0.593549178,-0.199339136,-0.461140976,-0.173793232,-0.328420958
1910121220019,MHSFIS19036,Pendidikan Fisika,3.1,20,3.43,42,3.62,64,3.65,86,3.64,113,-0.665484572,0.185353936,0.031488414,-0.088362523,0.55679318,-0.108957038,0.65131982,-0.109900664,0.554992453,0.479088304
1910121220021,MHSFIS19037,Pendidikan Fisika,3.05,20,3.26,42,3.42,62,3.45,84,3.45,107,-0.798230836,0.185353936,-0.457667807,-0.088362523,-0.076809365,-0.593549178,0.021202075,-0.461140976,-0.021962881,-0.328420958
1910121220022,MHSFIS19038,Pendidikan Fisika,2.7,20,3.21,40,3.44,60,3.28,82,3.38,102,-1.727454684,0.185353936,-0.601537284,-1.42642358,-0.013449111,-1.078141318,-0.514398009,-0.812381288,-0.234525372,-1.001345343
1910121220023,MHSFIS19039,Pendidikan Fisika,3.02,20,3.28,42,3.38,62,3.38,84,3.36,107,-0.877878595,0.185353936,-0.400120017,-0.088362523,-0.203529874,-0.593549178,-0.199339136,-0.461140976,-0.295257513,-0.328420958
1910121310004,MHSFIS19040,Pendidikan Fisika,3.08,20,3.24,42,3.25,62,3.09,82,2.98,100,-0.718583078,0.185353936,-0.515215598,-0.088362523,-0.615371529,-0.593549178,-1.113009867,-0.812381288,-1.449168181,-1.270515097
1910121320001,MHSFIS19041,Pendidikan Fisika,2.88,20,2.96,42,3.07,62,3.05,84,3.11,105,-1.249568134,0.185353936,-1.320884668,-0.088362523,-1.18561382,-0.593549178,-1.239033416,-0.461140976,-1.054409268,-0.597590712
1910121320003,MHSFIS19042,Pendidikan Fisika,2.74,20,3.09,40,3.33,60,3.37,82,3.38,105,-1.621257673,0.185353936,-0.946824029,-1.42642358,-0.361930511,-1.078141318,-0.230845023,-0.812381288,-0.234525372,-0.597590712
1910121320005,MHSFIS19043,Pendidikan Fisika,2.78,20,2.99,42,3.16,62,3.17,84,3.19,107,-1.515060662,0.185353936,-1.234562982,-0.088362523,-0.900492674,-0.593549178,-0.860962768,-0.461140976,-0.811480706,-0.328420958
