true_label,IPK1,IPK2,IPK3,IPK4,IPK5,SKS1,SKS2,SKS3,SKS4,SKS5,IS1,IS2,IS3,IS4,IS5
0,3.5,3.16,2.97,2.92,2.92,20,42,62,79,93,70,132.72,184.14,230.68,271.56
0,3.1,2.67,2.64,2.62,2.81,20,42,60,77,95,62,112.14,158.4,201.74,266.95
0,3.34,2.86,2.82,2.84,2.89,20,42,59,76,95,66.8,120.12,166.38,215.84,274.55
0,2.92,2.59,2.67,2.74,2.72,20,40,57,77,97,58.4,103.6,152.19,210.98,263.84
0,2.64,2.75,2.69,2.83,2.91,21,41,62,80,96,55.44,112.75,166.78,226.4,279.36
0,2.54,2.48,2.72,2.8,2.85,21,40,55,74,95,53.34,99.2,149.6,207.2,270.75
0,2.5,2.62,2.78,2.92,2.89,21,40,55,74,93,52.5,104.8,152.9,216.08,268.77
0,2.76,2.74,2.8,2.88,2.86,21,41,61,82,104,57.96,112.34,170.8,236.16,297.44
0,2.9,2.8,2.82,2.87,2.84,21,41,61,82,102,60.9,114.8,172.02,235.34,289.68
0,2.95,2.71,2.79,2.9,2.78,21,42,60,80,102,61.95,113.82,167.4,232,283.56
0,2.83,2.74,2.77,2.79,2.68,21,41,61,82,102,59.43,112.34,168.97,228.78,273.36
0,2.83,2.71,2.73,2.83,2.8,21,42,62,82,104,59.43,113.82,169.26,232.06,291.2
0,2.62,2.64,2.69,2.8,2.65,21,42,61,81,103,55.02,110.88,164.09,226.8,272.95
0,2.98,2.94,3.04,3,2.99,20,40,61,83,100,59.6,117.6,185.44,249,299
0,2.81,2.64,2.92,3.11,3.35,21,42,57,77,97,59.01,110.88,166.44,239.47,324.95
0,2.75,2.45,2.69,2.86,2.93,21,41,55,73,95,57.75,100.45,147.95,208.78,278.35
0,3.07,2.87,2.9,2.89,2.95,21,41,58,76,95,64.47,117.67,168.2,219.64,280.25
0,3.2,2.95,2.96,2.99,3.06,21,42,60,80,99,67.2,123.9,177.6,239.2,302.94
0,2.92,2.71,2.73,2.73,2.86,21,42,57,75,95,61.32,113.82,155.61,204.75,271.7
0,2.79,2.72,2.83,2.92,2.92,21,42,58,77,99,58.59,114.24,164.14,224.84,289.08
0,2.99,2.81,2.83,2.79,3.08,21,42,62,83,99,62.79,118.02,175.46,231.57,304.92
0,2.9,2.74,2.64,2.59,2.67,21,42,62,80,93,60.9,115.08,163.68,207.2,248.31
0,3.06,2.91,2.81,2.83,3.06,21,42,62,82,101,64.26,122.22,174.22,232.06,309.06
0,2.93,2.8,2.9,3.01,3.21,21,42,62,82,103,61.53,117.6,179.8,246.82,330.63
0,2.9,2.62,2.67,2.73,2.87,21,42,59,79,98,60.9,110.04,157.53,215.67,281.26
0,2.79,2.65,2.71,2.77,2.82,21,42,62,82,103,58.59,111.3,168.02,227.14,290.46
0,2.96,2.97,2.86,2.86,2.87,20,40,60,80,101,59.2,118.8,171.6,228.8,289.87
0,3.06,3.14,2.89,2.89,2.93,20,42,64,81,102,61.2,131.88,184.96,234.09,298.86
0,2.92,2.92,2.72,2.76,2.8,20,40,60,77,98,58.4,116.8,163.2,212.52,274.4
0,3.45,3.3,2.98,2.95,2.9,20,42,64,81,102,69,138.6,190.72,238.95,295.8
0,2.92,2.93,2.82,2.85,3.1,20,40,60,80,98,58.4,117.2,169.2,228,303.8
0,3.2,3.18,2.93,2.92,2.89,20,42,64,81,102,64,133.56,187.52,236.52,294.78
0,2.99,3.03,2.71,2.72,2.84,20,40,62,79,100,59.8,121.2,168.02,214.88,284
0,2.89,2.91,2.8,2.84,3.06,20,40,60,80,101,57.8,116.4,168,227.2,309.06
0,2.78,2.84,2.74,2.77,2.98,20,40,60,80,101,55.6,113.6,164.4,221.6,300.98
0,2.69,2.82,2.92,2.99,2.98,20,40,56,76,97,53.8,112.8,163.52,227.24,289.06
0,2.74,2.85,2.86,2.89,2.92,20,40,58,78,97,54.8,114,165.88,225.42,283.24
0,2.96,3.01,2.99,2.99,2.97,20,40,59,79,101,59.2,120.4,176.41,236.21,299.97
0,2.87,2.79,2.83,2.92,3.02,21,42,57,73,93,60.27,117.18,161.31,213.16,280.86
0,3.02,2.89,2.88,3,2.85,21,42,63,78,99,63.42,121.38,181.44,234,282.15
0,2.9,2.83,2.82,2.93,2.96,21,42,60,76,94,60.9,118.86,169.2,222.68,278.24
0,2.99,2.95,2.9,3.02,3.07,21,42,63,81,104,62.79,123.9,182.7,244.62,319.28
0,3.04,2.8,2.8,2.93,3.06,21,42,62,78,98,63.84,117.6,173.6,228.54,299.88
0,3.07,2.86,2.81,2.86,2.68,21,42,60,76,94,64.47,120.12,168.6,217.36,251.92
0,2.85,2.83,2.87,2.99,3.06,21,42,60,78,101,59.85,118.86,172.2,233.22,309.06
0,2.92,2.96,3,2.94,2.93,21,42,60,78,98,61.32,124.32,180,229.32,287.14
0,2.71,2.79,2.82,2.99,3.09,21,40,61,80,103,56.91,111.6,172.02,239.2,318.27
0,2.95,2.69,2.58,2.59,2.83,21,42,60,78,95,61.95,112.98,154.8,202.02,268.85
0,3.42,3.53,3.6,3.55,3.45,21,42,64,87,110,71.82,148.26,230.4,308.85,379.5
0,2.83,2.7,2.6,2.69,2.87,21,42,62,80,101,59.43,113.4,161.2,215.2,289.87
0,3.14,2.9,2.95,2.92,2.97,21,42,62,85,106,65.94,121.8,182.9,248.2,314.82
0,3.24,2.82,2.7,2.74,2.82,21,42,60,78,99,68.04,118.44,162,213.72,279.18
0,2.64,2.59,2.63,2.69,2.88,21,41,55,73,95,55.44,106.19,144.65,196.37,273.6
0,2.62,2.44,2.45,2.5,2.69,21,41,59,77,96,55.02,100.04,144.55,192.5,258.24
0,2.74,2.66,2.61,2.76,2.96,20,40,60,80,103,54.8,106.4,156.6,220.8,304.88
0,2.92,2.88,2.81,2.87,3.04,20,40,60,80,103,58.4,115.2,168.6,229.6,313.12
1,3.62,3.62,3.63,3.65,3.64,21,43,67,90,113,76.02,155.66,243.21,328.5,411.32
1,3.74,3.74,3.66,3.67,3.56,21,42,65,86,107,78.54,157.08,237.9,315.62,380.92
1,3.24,3.38,3.22,3.17,3.13,19,41,63,81,102,61.56,138.58,202.86,256.77,319.26
1,3.69,3.86,3.8,3.74,3.7,21,41,68,89,103,77.49,158.26,258.4,332.86,381.1
1,3.8,3.6,3.71,3.6,3.55,21,43,68,92,103,79.8,154.8,252.28,331.2,365.65
1,3.73,3.68,3.57,3.52,3.48,21,43,67,88,100,78.33,158.24,239.19,309.76,348
1,3.75,3.3,3.49,3.6,3.58,21,43,67,89,107,78.75,141.9,233.83,320.4,383.06
1,3.84,3.53,3.47,3.61,3.47,20,42,64,83,105,76.8,148.26,222.08,299.63,364.35
1,3.5,3.15,3.07,3.1,3.11,20,42,62,79,100,70,132.3,190.34,244.9,311
1,3.6,3.21,3.13,3.15,3.07,20,42,62,82,104,72,134.82,194.06,258.3,319.28
1,3.7,3.43,3.3,3.35,3.31,20,42,64,86,108,74,144.06,211.2,288.1,357.48
1,3.78,3.52,3.39,3.49,3.44,20,42,64,86,108,75.6,147.84,216.96,300.14,371.52
1,3.61,3.4,3.18,3.24,3.19,20,42,64,84,104,72.2,142.8,203.52,272.16,331.76
1,3.3,3.07,3.04,3.07,3.04,20,42,62,82,106,66,128.94,188.48,251.74,322.24
1,3.42,2.94,2.9,2.88,2.93,20,42,60,80,101,68.4,123.48,174,230.4,295.93
1,3.32,3.07,3.07,3.1,3.08,20,42,62,84,106,66.4,128.94,190.34,260.4,326.48
1,3.41,3.36,3.28,3.34,3.24,20,42,64,86,108,68.2,141.12,209.92,287.24,349.92
1,3.5,3.08,3.14,3.28,3.23,20,42,62,81,103,70,129.36,194.68,265.68,332.69
1,2.8,2.73,2.65,2.64,2.67,20,40,59,77,93,56,109.2,156.35,203.28,248.31
1,3.16,2.82,2.93,3,3.01,20,42,61,80,100,63.2,118.44,178.73,240,301
1,3.38,2.92,2.99,3.03,3.03,20,42,59,81,103,67.6,122.64,176.41,245.43,312.09
1,3.24,2.98,2.99,3.04,2.92,20,42,61,83,105,64.8,125.16,182.39,252.32,306.6
1,3.86,3.57,3.57,3.58,3.46,20,42,64,86,108,77.2,149.94,228.48,307.88,373.68
1,3.49,3.24,3,3.06,2.92,20,42,64,84,103,69.8,136.08,192,257.04,300.76
1,2.62,2.65,2.76,2.94,3.12,21,41,60,81,103,55.02,108.65,165.6,238.14,321.36
1,2.98,2.83,2.85,2.95,3.02,21,41,61,78,99,62.58,116.03,173.85,230.1,298.98
1,2.95,2.88,3.02,3,3.17,21,41,62,84,105,61.95,118.08,187.24,252,332.85
1,2.69,2.81,3.05,3.1,3.05,21,42,59,78,100,56.49,118.02,179.95,241.8,305
1,2.94,3.08,3.12,3.16,3.24,21,41,62,84,106,61.74,126.28,193.44,265.44,343.44
1,3.43,3.23,3.2,3.17,3.15,21,43,64,86,108,72.03,138.89,204.8,272.62,340.2
1,2.98,3.01,3.13,3.23,3.17,21,41,63,84,108,62.58,123.41,197.19,271.32,342.36
1,3.22,3.42,3.57,3.51,3.48,20,42,61,84,105,64.4,143.64,217.77,294.84,365.4
1,3.82,3.77,3.77,3.75,3.76,20,43,66,88,109,76.4,162.11,248.82,330,409.84
1,3.15,3.12,3.21,3.18,3.29,20,42,61,79,100,63,131.04,195.81,251.22,329
1,3.16,3.1,3.23,3.16,3.16,20,42,61,79,100,63.2,130.2,197.03,249.64,316
1,3.19,3.16,3.21,3.17,3.14,20,42,61,79,100,63.8,132.72,195.81,250.43,314
1,3.36,3.43,3.53,3.47,3.46,20,42,61,84,105,67.2,144.06,215.33,291.48,363.3
1,3.08,3.14,3.3,3.25,3.16,20,42,61,79,98,61.6,131.88,201.3,256.75,309.68
1,3.24,3.2,3.29,3.25,3.19,20,42,61,82,103,64.8,134.4,200.69,266.5,328.57
1,3.02,3.1,3.22,3.2,3.12,20,42,61,83,102,60.4,130.2,196.42,265.6,318.24
1,2.84,2.97,3.09,3.1,3,20,40,59,81,102,56.8,118.8,182.31,251.1,306
1,3.05,3.1,3.11,3.06,3.04,20,42,61,79,98,61,130.2,189.71,241.74,297.92
1,3.21,3.13,3.23,3.23,3.28,20,42,61,79,100,64.2,131.46,197.03,255.17,328
1,3.38,3.31,3.45,3.47,3.46,20,43,62,82,103,67.6,142.33,213.9,284.54,356.38
1,3.58,3.58,3.64,3.5,3.49,20,42,63,84,103,71.6,150.36,229.32,294,359.47
1,3.69,3.51,3.45,3.38,3.38,20,42,63,84,105,73.8,147.42,217.35,283.92,354.9
1,3.55,3.45,3.47,3.46,3.42,20,42,61,82,103,71,144.9,211.67,283.72,352.26
1,3.02,3.14,3.26,3.15,3.04,20,42,61,82,101,60.4,131.88,198.86,258.3,307.04
1,3.25,3.26,3.36,3.28,3.28,20,42,61,79,98,65,136.92,204.96,259.12,321.44
1,3.21,3.28,3.5,3.51,3.51,20,43,62,82,103,64.2,141.04,217,287.82,361.53
1,3.58,3.55,3.56,3.46,3.45,20,42,63,84,105,71.6,149.1,224.28,290.64,362.25
1,2.88,2.99,3.17,3.19,3.08,20,40,59,81,102,57.6,119.6,187.03,258.39,314.16
1,3.38,3.31,3.38,3.32,3.27,20,42,61,82,103,67.6,139.02,206.18,272.24,336.81
1,3.28,3.26,3.27,3.18,3.16,20,42,61,79,100,65.6,136.92,199.47,251.22,316
1,3.36,3.4,3.36,3.31,3.22,20,42,63,84,106,67.2,142.8,211.68,278.04,341.32
1,3.41,3.38,3.51,3.24,3.25,20,42,64,84,106,68.2,141.96,224.64,272.16,344.5
1,3.34,3.48,3.41,3.4,3.37,20,42,66,87,109,66.8,146.16,225.06,295.8,367.33
1,3.4,3.59,3.53,3.67,3.61,20,42,64,87,113,68,150.78,225.92,319.29,407.93
1,3.41,3.52,3.53,3.43,3.41,20,42,66,89,111,68.2,147.84,232.98,305.27,378.51
1,3.33,3.36,3.27,3.22,3.17,20,42,63,84,103,66.6,141.12,206.01,270.48,326.51
1,3.5,3.61,3.51,3.44,3.42,20,42,66,87,109,70,151.62,231.66,299.28,372.78
1,3.3,3.3,3.23,3.23,3.22,20,42,63,84,103,66,138.6,203.49,271.32,331.66
1,3.38,3.34,3.26,3.32,3.32,20,42,63,84,105,67.6,140.28,205.38,278.88,348.6
1,3.34,3.45,3.25,3.37,3.27,20,42,66,87,109,66.8,144.9,214.5,293.19,356.43
1,3.34,3.4,3.39,3.27,3.28,20,42,66,88,105,66.8,142.8,223.74,287.76,344.4
1,3.49,3.69,3.56,3.5,3.43,20,42,66,87,109,69.8,154.98,234.96,304.5,373.87
1,3.42,3.32,3.25,3.19,3.16,20,42,68,87,105,68.4,139.44,221,277.53,331.8
1,3.33,3.45,3.33,3.27,3.29,20,42,63,84,107,66.6,144.9,209.79,274.68,352.03
1,3.49,3.42,3.35,3.4,3.41,20,42,63,84,107,69.8,143.64,211.05,285.6,364.87
1,3.35,3.36,3.19,3.23,3.43,20,42,63,89,106,67,141.12,200.97,287.47,363.58
1,3.56,3.48,3.42,3.4,3.47,20,42,63,84,107,71.2,146.16,215.46,285.6,371.29
1,3.6,3.32,3.29,3.41,3.43,21,42,63,81,102,75.6,139.44,207.27,276.21,349.86
1,3.51,3.35,3.3,3.29,3.19,21,42,63,84,105,73.71,140.7,207.9,276.36,334.95
1,3.57,3.48,3.46,3.37,3.4,21,42,63,84,105,74.97,146.16,217.98,283.08,357
1,3.45,3.41,3.45,3.47,3.47,21,42,63,84,105,72.45,143.22,217.35,291.48,364.35
1,3.25,3.11,3.23,3.36,3.36,21,42,63,81,102,68.25,130.62,203.49,272.16,342.72
1,3.57,3.45,3.41,3.39,3.36,21,42,63,84,105,74.97,144.9,214.83,284.76,352.8
1,3.58,3.3,3.23,3.15,3.1,21,42,63,81,100,75.18,138.6,203.49,255.15,310
1,3.3,3.07,3.02,3.06,3.11,21,42,63,84,105,69.3,128.94,190.26,257.04,326.55
1,3.29,3.07,3,3,3.02,21,42,63,78,95,69.09,128.94,189,234,286.9
1,3.51,3.49,3.45,3.46,3.45,21,42,63,84,105,73.71,146.58,217.35,290.64,362.25
1,3.48,3.31,3.2,3.26,3.2,21,42,63,84,105,73.08,139.02,201.6,273.84,336
1,2.95,2.83,2.93,3.15,3.2,21,42,60,76,95,61.95,118.86,175.8,239.4,304
1,3.5,3.18,3.06,3.05,3.03,21,42,63,84,105,73.5,133.56,192.78,256.2,318.15
1,3.69,3.16,3.08,3.11,2.99,21,42,60,75,95,77.49,132.72,184.8,233.25,284.05
1,3.15,2.79,2.8,2.92,2.92,21,42,60,78,97,66.15,117.18,168,227.76,283.24
1,3.11,3.16,3.26,3.25,3.3,21,42,60,79,100,65.31,132.72,195.6,256.75,330
1,2.98,2.66,2.74,2.91,2.94,21,42,60,78,97,62.58,111.72,164.4,226.98,285.18
1,3.29,3.2,3.14,3.14,3.18,21,42,63,81,102,69.09,134.4,197.82,254.34,324.36
1,3.27,3.24,3.18,3.34,3.45,21,42,63,81,102,68.67,136.08,200.34,270.54,351.9
1,3.64,3.41,3.31,3.28,3.24,21,42,63,81,102,76.44,143.22,208.53,265.68,330.48
1,3.29,3.13,3.04,3.06,3.03,21,42,63,78,98,69.09,131.46,191.52,238.68,296.94
1,3.44,3.17,3.08,3.1,3.09,21,42,63,81,102,72.24,133.14,194.04,251.1,315.18
1,3.21,3.14,3.2,3.18,3.16,21,42,60,81,102,67.41,131.88,192,257.58,322.32
1,3.4,3.17,3.29,3.36,3.32,21,42,60,78,99,71.4,133.14,197.4,262.08,328.68
1,3.85,3.45,3.26,3.22,3.12,21,42,63,81,99,80.85,144.9,205.38,260.82,308.88
1,3.4,3.17,3.09,3.13,3.2,21,42,63,81,100,71.4,133.14,194.67,253.53,320
1,3.51,3.5,3.52,3.53,3.48,21,42,63,87,111,73.71,147,221.76,307.11,386.28
1,3.1,2.79,2.8,3.02,3.09,21,42,60,75,94,65.1,117.18,168,226.5,290.46
1,3.26,3.04,2.9,3.01,2.99,21,42,63,78,96,68.46,127.68,182.7,234.78,287.04
1,3.29,2.96,2.98,3,2.91,21,42,58,73,93,69.09,124.32,172.84,219,270.63
1,3.17,3.02,2.95,3.03,3.04,21,42,63,77,93,66.57,126.84,185.85,233.31,282.72
1,2.94,2.77,2.78,2.94,3.09,21,42,60,79,95,61.74,116.34,166.8,232.26,293.55
1,3.55,3.6,3.56,3.54,3.56,21,42,63,84,105,74.55,151.2,224.28,297.36,373.8
1,3.45,3.23,3.31,3.35,3.33,21,42,63,84,105,72.45,135.66,208.53,281.4,349.65
1,3.25,3.19,3.22,3.21,3.25,21,42,63,84,105,68.25,133.98,202.86,269.64,341.25
1,3.55,3.4,3.28,3.32,3.28,21,42,63,81,102,74.55,142.8,206.64,268.92,334.56
1,3.25,3.16,3.18,3.22,3.23,21,42,63,81,102,68.25,132.72,200.34,260.82,329.46
1,3.21,3.08,3.18,3.04,3.14,21,42,62,83,102,67.41,129.36,197.16,252.32,320.28
1,3.4,3.05,3.03,3.02,3.21,21,42,62,83,104,71.4,128.1,187.86,250.66,333.84
1,3.12,2.95,3.02,3.03,3.11,21,42,62,82,101,65.52,123.9,187.24,248.46,314.11
1,2.87,2.78,2.94,3.03,3.24,21,42,62,84,103,60.27,116.76,182.28,254.52,333.72
1,3.4,3.34,3.5,3.53,3.44,21,41,59,81,103,71.4,136.94,206.5,285.93,354.32
1,3.38,2.97,2.91,3.01,3.18,21,42,62,80,101,70.98,124.74,180.42,240.8,321.18
1,3.1,2.86,2.96,3,3.14,21,42,62,84,105,65.1,120.12,183.52,252,329.7
1,3.5,3.65,3.59,3.44,3.45,20,42,66,88,109,70,153.3,236.94,302.72,376.05
1,3.72,3.85,3.66,3.64,3.67,20,42,66,88,111,74.4,161.7,241.56,320.32,407.37
1,3.51,3.45,3.18,3.12,3.26,20,42,64,84,105,70.2,144.9,203.52,262.08,342.3
1,3.41,3.21,3.06,3,3.11,20,42,64,84,105,68.2,134.82,195.84,252,326.55
1,3.34,3.34,3.14,3.11,3.14,20,42,64,84,105,66.8,140.28,200.96,261.24,329.7
1,3.18,3.15,2.92,2.91,3.03,20,42,64,81,102,63.6,132.3,186.88,235.71,309.06
1,3.05,3,2.77,2.86,3.17,20,42,62,80,98,61,126,171.74,228.8,310.66
1,3.29,3.28,3.16,3.16,3.2,20,42,64,84,105,65.8,137.76,202.24,265.44,336
1,3.46,3.4,3.17,3.15,3.31,20,42,64,84,105,69.2,142.8,202.88,264.6,347.55
1,3.78,3.84,3.71,3.64,3.58,20,42,66,88,109,75.6,161.28,244.86,320.32,390.22
1,3.15,3.05,2.9,2.89,3.09,20,42,62,82,103,63,128.1,179.8,236.98,318.27
1,3.66,3.64,3.39,3.37,3.3,20,42,66,86,107,73.2,152.88,223.74,289.82,353.1
1,3.34,3.39,3.09,3.01,3.2,20,42,64,84,105,66.8,142.38,197.76,252.84,336
1,3.7,3.74,3.56,3.53,3.54,20,42,66,88,109,74,157.08,234.96,310.64,385.86
1,3.38,3.45,3.24,3.2,3.36,20,42,66,86,107,67.6,144.9,213.84,275.2,359.52
1,3.1,3.31,3.3,3.29,3.36,20,42,64,86,107,62,139.02,211.2,282.94,359.52
1,3.46,3.38,3.09,3.1,3.16,20,42,64,84,105,69.2,141.96,197.76,260.4,331.8
1,3.3,3.33,3.16,3.18,3.3,20,42,64,84,105,66,139.86,202.24,267.12,346.5
1,3.4,3.29,3.07,3.06,3.13,20,42,64,84,105,68,138.18,196.48,257.04,328.65
1,3.25,3.33,3.2,3.22,3.18,20,42,64,84,105,65,139.86,204.8,270.48,333.9
1,3.14,3.04,2.97,2.95,3.11,20,42,62,82,103,62.8,127.68,184.14,241.9,320.33
1,3.91,3.84,3.62,3.58,3.59,20,42,66,88,109,78.2,161.28,238.92,315.04,391.31
1,3.52,3.45,3.28,3.29,3.23,20,42,64,84,105,70.4,144.9,209.92,276.36,339.15
1,3.45,3.41,3.11,3.15,3.13,20,42,64,84,105,69,143.22,199.04,264.6,328.65
1,3.58,3.55,3.3,3.26,3.36,20,42,66,86,107,71.6,149.1,217.8,280.36,359.52
1,3.68,3.6,3.44,3.36,3.38,20,42,66,88,109,73.6,151.2,227.04,295.68,368.42
1,3.44,3.49,3.28,3.24,3.27,20,42,66,86,107,68.8,146.58,216.48,278.64,349.89
1,3.51,3.38,3.13,3.13,3.14,20,42,64,84,105,70.2,141.96,200.32,262.92,329.7
1,3.32,3.31,3.18,3.14,3.11,20,42,64,84,105,66.4,139.02,203.52,263.76,326.55
1,3.68,3.65,3.43,3.44,3.37,20,42,66,88,109,73.6,153.3,226.38,302.72,367.33
1,3.28,3.2,3.07,3.05,3.15,20,42,64,84,105,65.6,134.4,196.48,256.2,330.75
1,3.28,3.24,3.08,3.1,3.17,20,42,64,84,105,65.6,136.08,197.12,260.4,332.85
1,3.44,3.44,3.34,3.29,3.29,20,42,64,86,107,68.8,144.48,213.76,282.94,352.03
1,3.4,3.27,2.95,2.93,3.05,20,42,64,81,102,68,137.34,188.8,237.33,311.1
1,3.3,3.31,3.14,3.12,3.15,20,42,64,84,105,66,139.02,200.96,262.08,330.75
1,3.28,3.26,3.21,3.17,3.28,20,42,64,86,107,65.6,136.92,205.44,272.62,350.96
1,3.61,3.71,3.37,3.36,3.39,20,42,66,86,107,72.2,155.82,222.42,288.96,362.73
1,3.62,3.56,3.32,3.25,3.19,20,42,64,84,105,72.4,149.52,212.48,273,334.95
1,3.25,3.3,3.2,3.23,3.25,20,42,64,86,107,65,138.6,204.8,277.78,347.75
1,3.6,3.45,3.19,3.18,3.21,20,42,64,84,105,72,144.9,204.16,267.12,337.05
1,3.56,3.51,3.17,3.14,3.13,20,42,64,84,105,71.2,147.42,202.88,263.76,328.65
1,3.02,3.1,2.89,2.95,3.04,20,42,64,81,102,60.4,130.2,184.96,238.95,310.08
1,3.28,3.17,3.05,3.08,3.12,20,42,64,84,105,65.6,133.14,195.2,258.72,327.6
1,3.16,3.2,3.1,3.1,3.14,20,42,64,84,105,63.2,134.4,198.4,260.4,329.7
1,3.12,3.1,2.87,2.93,3.06,20,42,64,81,102,62.4,130.2,183.68,237.33,312.12
1,3.31,3.23,3.07,3.07,3.2,20,42,64,84,105,66.2,135.66,196.48,257.88,336
1,3.69,3.71,3.43,3.39,3.37,20,42,66,86,107,73.8,155.82,226.38,291.54,360.59
1,2.92,3.14,3.13,3.11,3.1,20,40,58,78,99,58.4,125.6,181.54,242.58,306.9
1,3.24,3.33,3.26,3.19,3.16,20,42,64,86,107,64.8,139.86,208.64,274.34,338.12
1,3.45,3.58,3.49,3.54,3.57,20,42,64,86,109,69,150.36,223.36,304.44,389.13
1,3.56,3.38,3.27,3.3,3.32,20,42,64,86,107,71.2,141.96,209.28,283.8,355.24
1,3.22,3.2,3.05,3.05,3.01,20,42,64,84,105,64.4,134.4,195.2,256.2,316.05
1,3.45,3.43,3.39,3.36,3.4,20,42,64,86,107,69,144.06,216.96,288.96,363.8
1,3.31,3.36,3.26,3.33,3.32,20,42,64,86,109,66.2,141.12,208.64,286.38,361.88
1,3.45,3.45,3.34,3.32,3.25,20,42,64,86,107,69,144.9,213.76,285.52,347.75
1,2.82,3.04,2.98,3.02,3.06,20,40,58,78,100,56.4,121.6,172.84,235.56,306
1,2.88,3.3,3.21,3.29,3.36,20,40,60,81,102,57.6,132,192.6,266.49,342.72
1,3.02,3.08,3.1,3.09,3.11,20,42,61,81,102,60.4,129.36,189.1,250.29,317.22
1,3.05,3.11,3.12,3.08,3.08,20,42,61,81,102,61,130.62,190.32,249.48,314.16
1,3.16,3.33,3.32,3.39,3.41,20,42,62,84,107,63.2,139.86,205.84,284.76,364.87
1,3.45,3.36,3.14,3.12,3.04,20,42,64,84,105,69,141.12,200.96,262.08,319.2
1,3.26,3.27,3.06,3.02,3.03,20,42,62,82,103,65.2,137.34,189.72,247.64,312.09
1,3.02,3.08,3,3,3.05,20,42,60,80,102,60.4,129.36,180,240,311.1
1,3.36,3.2,3.04,2.97,3,20,42,64,84,102,67.2,134.4,194.56,249.48,306
1,3.12,3.27,3.15,3.11,3.12,20,42,64,84,105,62.4,137.34,201.6,261.24,327.6
1,3.39,3.39,3.23,3.17,3.15,20,42,64,84,105,67.8,142.38,206.72,266.28,330.75
1,3.5,3.64,3.61,3.69,3.66,20,42,66,89,113,70,152.88,238.26,328.41,413.58
1,3.43,3.6,3.52,3.58,3.6,20,42,56,80,104,68.6,151.2,197.12,286.4,374.4
1,3.13,3.16,3.18,3.25,3.31,20,40,60,80,100,62.6,126.4,190.8,260,331
1,3.4,3.48,3.23,3.37,3.42,20,42,63,84,108,68,146.16,203.49,283.08,369.36
1,3.52,3.43,3.36,3.49,3.48,20,40,60,80,100,70.4,137.2,201.6,279.2,348
1,3.7,3.5,3.64,3.71,3.57,20,40,58,78,96,74,140,211.12,289.38,342.72
1,3.4,3.29,3.32,3.4,3.42,20,40,63,86,100,68,131.6,209.16,292.4,342
1,3.48,3.42,3.46,3.53,3.51,20,42,62,84,100,69.6,143.64,214.52,296.52,351
1,3.33,3.42,3.4,3.51,3.51,20,42,63,86,109,66.6,143.64,214.2,301.86,382.59
1,3.34,3.46,3.41,3.51,3.51,20,42,66,89,113,66.8,145.32,225.06,312.39,396.63
1,3.84,3.58,3.24,3.59,3.62,20,42,59,86,104,76.8,150.36,191.16,308.74,376.48
1,3.29,3.49,3.24,3.4,3.42,20,42,60,81,102,65.8,146.58,194.4,275.4,348.84
1,3.61,3.33,3.29,3.41,3.53,20,42,60,81,104,72.2,139.86,197.4,276.21,367.12
1,3.58,3.14,2.96,3.23,3.37,20,40,63,84,107,71.6,125.6,186.48,271.32,360.59
1,3.49,3.48,3.31,3.43,3.53,20,42,60,81,104,69.8,146.16,198.6,277.83,367.12
1,3.48,3.57,3.59,3.57,3.61,20,42,60,89,113,69.6,149.94,215.4,317.73,407.93
1,3.51,3.4,3.24,3.21,3.21,21,42,63,84,107,73.71,142.8,204.12,269.64,343.47
1,3.37,3.07,3,3.12,3.19,21,42,63,81,104,70.77,128.94,189,252.72,331.76
1,3.13,3.12,2.99,3.07,3.09,21,42,63,79,102,65.73,131.04,188.37,242.53,315.18
1,3.2,2.96,3.03,3.1,3.19,21,42,61,77,98,67.2,124.32,184.83,238.7,312.62
1,3.44,3.37,3.4,3.49,3.47,21,42,63,83,106,72.24,141.54,214.2,289.67,367.82
1,3.33,3.48,3.46,3.42,3.42,21,42,63,86,109,69.93,146.16,217.98,294.12,372.78
1,3.29,3.17,3.06,3.16,3.2,21,42,63,81,104,69.09,133.14,192.78,255.96,332.8
1,3.55,3.38,3.23,3.27,3.26,21,42,63,84,107,74.55,141.96,203.49,274.68,348.82
1,3.54,3.6,3.56,3.51,3.54,21,42,63,86,109,74.34,151.2,224.28,301.86,385.86
1,3.4,3.45,3.39,3.44,3.46,21,42,63,84,107,71.4,144.9,213.57,288.96,370.22
1,3.31,3.46,3.38,3.31,3.37,21,42,63,84,107,69.51,145.32,212.94,278.04,360.59
1,3.17,3.11,3.07,3.16,3.2,21,42,63,81,104,66.57,130.62,193.41,255.96,332.8
1,3.44,3.58,3.65,3.6,3.54,21,42,65,89,112,72.24,150.36,237.25,320.4,396.48
1,3.15,3.1,3.14,3.2,3.24,21,42,63,83,106,66.15,130.2,197.82,265.6,343.44
1,3.4,3.24,3.35,3.37,3.39,21,42,63,84,107,71.4,136.08,211.05,283.08,362.73
1,3.06,2.9,2.82,3.01,3.06,21,42,61,78,101,64.26,121.8,172.02,234.78,309.06
1,3.14,3.07,2.99,3.16,3.22,21,42,63,81,104,65.94,128.94,188.37,255.96,334.88
1,3.1,2.99,2.99,3.07,3.13,21,42,63,81,104,65.1,125.58,188.37,248.67,325.52
1,3.31,3.19,3.19,3.32,3.35,21,42,63,83,106,69.51,133.98,200.97,275.56,355.1
1,3.67,3.64,3.67,3.63,3.61,21,42,63,87,110,77.07,152.88,231.21,315.81,397.1
1,3.51,3.62,3.59,3.5,3.49,21,42,63,87,110,73.71,152.04,226.17,304.5,383.9
1,3.55,3.58,3.52,3.47,3.35,21,42,65,88,110,74.55,150.36,228.8,305.36,368.5
1,2.94,3.08,3.27,3.34,3.39,21,42,61,84,107,61.74,129.36,199.47,280.56,362.73
1,2.96,2.94,3,3.12,3.15,21,42,60,78,101,62.16,123.48,180,243.36,318.15
1,3.25,3.34,3.33,3.34,3.45,21,42,63,84,107,68.25,140.28,209.79,280.56,369.15
1,3.4,3.51,3.47,3.51,3.49,21,42,63,84,107,71.4,147.42,218.61,294.84,373.43
1,3.54,3.35,3.37,3.4,3.37,21,42,63,84,107,74.34,140.7,212.31,285.6,360.59
1,2.98,3.09,3.18,3.25,3.31,21,42,60,83,106,62.58,129.78,190.8,269.75,350.86
1,3.2,3.12,3.01,3.01,3.08,21,42,63,84,107,67.2,131.04,189.63,252.84,329.56
1,3.19,3.11,3.15,3.26,3.24,21,42,64,87,110,66.99,130.62,201.6,283.62,356.4
1,3.32,3.02,3.05,3.19,3.33,21,42,62,85,106,69.72,126.84,189.1,271.15,352.98
1,3.07,2.78,3.03,3.31,3.44,21,42,58,75,97,64.47,116.76,175.74,248.25,333.68
1,3.05,2.7,2.78,3.02,3.19,21,42,60,82,103,64.05,113.4,166.8,247.64,328.57
1,3.43,3.07,3.22,3.04,3.27,21,42,62,85,103,72.03,128.94,199.64,258.4,336.81
1,3.14,2.82,2.86,2.92,3.1,21,42,60,82,105,65.94,118.44,171.6,239.44,325.5
1,3.31,3.14,3.22,3.15,3.15,21,42,62,85,106,69.51,131.88,199.64,267.75,333.9
1,2.95,2.83,2.91,3.04,3.19,21,42,62,85,108,61.95,118.86,180.42,258.4,344.52
1,3.43,3.52,3.47,3.5,3.43,21,42,64,87,110,72.03,147.84,222.08,304.5,377.3
1,3.14,3.01,3,3.18,3.34,21,42,62,84,107,65.94,126.42,186,267.12,357.38
1,3.23,2.88,3.07,3.21,3.25,21,42,58,77,99,67.83,120.96,178.06,247.17,321.75
1,3.25,3.05,3.04,3.24,3.28,21,42,62,85,108,68.25,128.1,188.48,275.4,354.24
1,2.98,2.81,2.84,3.03,3.02,21,42,58,77,99,62.58,118.02,164.72,233.31,298.98
1,3.25,2.86,2.87,2.87,2.91,21,42,60,82,103,68.25,120.12,172.2,235.34,299.73
1,3,2.93,2.85,3.01,3.12,21,42,62,82,101,63,123.06,176.7,246.82,315.12
1,2.9,2.78,2.91,3.07,3.24,21,42,60,83,106,60.9,116.76,174.6,254.81,343.44
1,2.83,2.61,2.81,3.06,3.28,21,42,56,73,95,59.43,109.62,157.36,223.38,311.6
1,3.02,3.04,3.09,3.09,3.11,21,42,64,87,110,63.42,127.68,197.76,268.83,342.1
1,3.29,3.18,3.11,3.25,3.32,21,42,62,84,107,69.09,133.56,192.82,273,355.24
1,2.81,2.54,2.63,2.84,3.12,21,42,56,73,95,59.01,106.68,147.28,207.32,296.4
1,2.67,2.59,2.77,2.94,3.03,21,41,57,76,99,56.07,106.19,157.89,223.44,299.97
1,3.45,3.48,3.5,3.48,3.64,21,42,64,87,110,72.45,146.16,224,302.76,400.4
1,3.35,3.26,3.23,3.22,3.34,20,42,64,86,109,67,136.92,206.72,276.92,364.06
1,3.1,3.01,3.06,3.17,3.21,20,42,62,84,107,62,126.42,189.72,266.28,343.47
1,3.41,3.29,3.3,3.34,3.34,20,42,64,86,113,68.2,138.18,211.2,287.24,377.42
1,3.6,3.48,3.44,3.47,3.46,20,42,64,86,109,72,146.16,220.16,298.42,377.14
1,3.08,3.21,3.25,3.31,3.4,20,42,64,86,112,61.6,134.82,208,284.66,380.8
1,3.45,3.22,3.22,3.24,3.43,20,42,64,86,109,69,135.24,206.08,278.64,373.87
1,3.39,3.2,3.22,3.3,3.37,20,42,64,86,113,67.8,134.4,206.08,283.8,380.81
1,3.32,3.21,3.15,3.18,3.3,20,42,64,86,109,66.4,134.82,201.6,273.48,359.7
1,3.25,3.15,3.16,3.2,3.28,20,42,64,86,109,65,132.3,202.24,275.2,357.52
1,3.28,3.16,3.21,3.23,3.34,20,42,64,86,109,65.6,132.72,205.44,277.78,364.06
1,2.99,2.98,2.94,3.03,3.24,20,40,60,82,105,59.8,119.2,176.4,248.46,340.2
1,3.08,2.83,2.8,2.85,2.94,20,42,62,82,103,61.6,118.86,173.6,233.7,302.82
1,3.35,3.04,2.95,3.05,3.17,20,42,62,84,107,67,127.68,182.9,256.2,339.19
1,3.2,3.07,3.06,3.1,3.28,20,42,62,84,107,64,128.94,189.72,260.4,350.96
1,3.49,3.29,3.29,3.34,3.38,20,42,64,86,111,69.8,138.18,210.56,287.24,375.18
1,3.38,3.26,3.3,3.36,3.39,20,42,64,86,109,67.6,136.92,211.2,288.96,369.51
1,3.28,3.11,3.11,3.18,3.26,20,42,62,84,107,65.6,130.62,192.82,267.12,348.82
1,3.32,3.33,3.41,3.35,3.38,20,42,64,86,109,66.4,139.86,218.24,288.1,368.42
1,3.24,3.14,3.02,3.03,3.16,20,42,64,86,109,64.8,131.88,193.28,260.58,344.44
1,3.46,3.26,3.14,3.18,3.24,20,42,64,86,109,69.2,136.92,200.96,273.48,353.16
1,3.45,3.25,3.2,3.18,3.3,20,42,64,86,109,69,136.5,204.8,273.48,359.7
1,3.08,3.04,3.06,3.02,3.02,20,42,62,84,105,61.6,127.68,189.72,253.68,317.1
1,3.48,3.25,3.15,3.16,3.25,20,42,64,86,109,69.6,136.5,201.6,271.76,354.25
1,3.25,3.07,2.96,3,3.07,20,42,62,82,105,65,128.94,183.52,246,322.35
1,3.1,3.01,2.96,3.07,3.18,20,42,62,84,107,62,126.42,183.52,257.88,340.26
1,3.08,3.04,3.11,3.15,3.26,20,42,64,86,107,61.6,127.68,199.04,270.9,348.82
1,3.16,3.06,3.09,3.15,3.2,20,42,62,84,106,63.2,128.52,191.58,264.6,339.2
1,3.32,3.21,3.18,3.23,3.28,20,42,64,86,109,66.4,134.82,203.52,277.78,357.52
1,3.3,3.3,3.14,3.25,3.39,20,42,64,86,109,66,138.6,200.96,279.5,369.51
1,3.54,3.38,3.29,3.35,3.42,20,42,64,86,111,70.8,141.96,210.56,288.1,379.62
1,3.22,3.15,3.16,3.15,3.24,20,42,64,86,109,64.4,132.3,202.24,270.9,353.16
1,3.05,2.96,2.9,2.98,3.16,20,42,62,84,107,61,124.32,179.8,250.32,338.12
1,3.39,3.12,2.98,3.05,3.15,20,42,62,82,105,67.8,131.04,184.76,250.1,330.75
1,3.29,3.17,3.14,3.2,3.25,20,42,64,86,109,65.8,133.14,200.96,275.2,354.25
1,3.38,3.23,3.19,3.27,3.32,20,42,64,86,109,67.6,135.66,204.16,281.22,361.88
1,3.61,3.43,3.31,3.33,3.38,20,42,64,86,109,72.2,144.06,211.84,286.38,368.42
1,3.46,3.46,3.49,3.48,3.48,20,42,64,88,111,69.2,145.32,223.36,306.24,386.28
1,2.99,2.95,2.98,3.03,3.14,20,40,60,82,105,59.8,118,178.8,248.46,329.7
1,3.16,3.15,3.12,3.21,3.27,20,42,64,86,109,63.2,132.3,199.68,276.06,356.43
1,3.01,2.96,3,3.1,3.16,20,42,62,84,107,60.2,124.32,186,260.4,338.12
1,3.09,3.07,2.96,3.01,3.16,20,42,64,84,107,61.8,128.94,189.44,252.84,338.12
1,3.42,3.08,2.98,3.08,3.13,20,42,62,84,107,68.4,129.36,184.76,258.72,334.91
1,3.42,3.23,3.31,3.33,3.3,20,42,64,86,109,68.4,135.66,211.84,286.38,359.7
1,3.48,3.33,3.35,3.36,3.37,20,42,64,86,111,69.6,139.86,214.4,288.96,374.07
1,3,2.94,2.85,2.92,3,20,40,60,80,103,60,117.6,171,233.6,309
1,3.01,2.92,2.93,3,3.1,20,42,62,84,107,60.2,122.64,181.66,252,331.7
1,3.32,3.32,3.23,3.23,3.3,20,42,64,86,109,66.4,139.44,206.72,277.78,359.7
1,3.42,3.38,3.29,3.33,3.38,20,42,64,86,109,68.4,141.96,210.56,286.38,368.42
1,2.69,2.69,2.88,3.03,3.25,20,40,57,79,101,53.8,107.6,164.16,239.37,328.25
1,2.91,2.89,2.85,2.95,3.23,20,40,60,82,105,58.2,115.6,171,241.9,339.15
1,3.01,3.02,3.02,3.1,3.28,20,42,62,84,107,60.2,126.84,187.24,260.4,350.96
1,3.28,3.18,3.14,3.14,3.25,20,42,64,86,109,65.6,133.56,200.96,270.04,354.25
1,2.55,2.84,2.91,2.94,3.14,20,40,58,78,99,51,113.6,168.78,229.32,310.86
1,3.12,3.08,3.04,3.16,3.26,20,42,64,86,109,62.4,129.36,194.56,271.76,355.34
1,3.01,3,3.12,3.22,3.38,20,42,59,81,103,60.2,126,184.08,260.82,348.14
1,2.84,2.97,3.14,3.2,3.32,20,40,59,81,103,56.8,118.8,185.26,259.2,341.96
1,3.1,3.29,3.19,3.25,3.33,20,42,62,84,107,62,138.18,197.78,273,356.31
1,2.76,2.83,2.85,2.99,3.21,20,40,58,78,99,55.2,113.2,165.3,233.22,317.79
2,3.37,3.42,3.35,3.33,3.37,21,43,62,84,106,70.77,147.06,207.7,279.72,357.22
2,2.99,3.01,3.12,3.1,3.17,21,41,62,84,106,62.79,123.41,193.44,260.4,336.02
2,2.54,2.73,3.05,3.09,3.1,21,42,57,74,93,53.34,114.66,173.85,228.66,288.3
2,3.36,3.34,3.41,3.4,3.44,21,43,64,88,110,70.56,143.62,218.24,299.2,378.4
2,3.18,3.09,3.21,3.2,3.38,21,43,64,86,108,66.78,132.87,205.44,275.2,365.04
2,2.88,3.05,3.08,3.17,3.24,21,41,62,81,103,60.48,125.05,190.96,256.77,333.72
2,3.21,3.17,3.3,3.38,3.43,21,43,64,88,112,67.41,136.31,211.2,297.44,384.16
2,3.12,3.21,3.19,3.14,3.17,21,43,64,86,104,65.52,138.03,204.16,270.04,329.68
2,3.04,3.22,3.44,3.49,3.62,21,43,62,86,110,63.84,138.46,213.28,300.14,398.2
2,2.87,3.01,3.21,3.23,3.29,21,41,57,79,101,60.27,123.41,182.97,255.17,332.29
2,2.95,3.1,3.19,3.2,3.29,21,41,62,84,106,61.95,127.1,197.78,268.8,348.74
2,3.11,3.27,3.39,3.43,3.35,21,43,60,82,104,65.31,140.61,203.4,281.26,348.4
2,3.14,3.24,3.33,3.35,3.51,21,43,64,86,108,65.94,139.32,213.12,288.1,379.08
2,2.76,3.04,3.06,3.08,3.13,21,41,62,84,106,57.96,124.64,189.72,258.72,331.78
2,2.54,2.68,2.88,2.92,3.03,21,40,57,78,98,53.34,107.2,164.16,227.76,296.94
2,3.3,3.25,3.16,3.06,3.22,21,43,64,84,101,69.3,139.75,202.24,257.04,325.22
2,2.73,2.69,2.86,3.1,3.1,21,41,58,74,94,57.33,110.29,165.88,229.4,291.4
2,2.98,2.86,3.15,3.31,3.27,21,41,58,78,100,62.58,117.26,182.7,258.18,327
2,2.86,2.81,2.79,2.89,2.99,21,41,62,83,105,60.06,115.21,172.98,239.87,313.95
2,2.87,3.02,3.17,3.26,3.36,21,41,62,84,106,60.27,123.82,196.54,273.84,356.16
2,2.75,2.98,3.06,3.11,3.2,21,40,61,83,105,57.75,119.2,186.66,258.13,336
2,2.75,2.8,3.09,3.02,3.27,21,41,59,83,103,57.75,114.8,182.31,250.66,336.81
2,2.89,2.8,2.91,3,3.08,21,41,61,83,103,60.69,114.8,177.51,249,317.24
2,2.52,2.6,2.73,2.92,3.03,21,41,59,80,102,52.92,106.6,161.07,233.6,309.06
2,3.42,3.42,3.42,3.35,3.31,21,43,64,86,108,71.82,147.06,218.88,288.1,357.48
2,2.68,2.76,2.91,2.94,3.09,21,41,62,84,106,56.28,113.16,180.42,246.96,327.54
2,2.89,3.13,3.28,3.33,3.42,21,42,64,88,110,60.69,131.46,209.92,293.04,376.2
2,3.22,3.17,3.26,3.25,3.17,20,42,61,79,100,64.4,133.14,198.86,256.75,317
2,3.48,3.55,3.6,3.53,3.49,20,42,63,84,103,69.6,149.1,226.8,296.52,359.47
2,3.64,3.48,3.48,3.39,3.35,20,42,63,84,105,72.8,146.16,219.24,284.76,351.75
2,3.31,3.48,3.54,3.49,3.49,20,43,64,86,107,66.2,149.64,226.56,300.14,373.43
2,3.09,3.21,3.41,3.39,3.36,20,42,61,83,104,61.8,134.82,208.01,281.37,349.44
2,3.56,3.6,3.61,3.51,3.52,20,43,66,88,109,71.2,154.8,238.26,308.88,383.68
2,3.2,3.23,3.34,3.34,3.33,20,40,59,81,102,64,129.2,197.06,270.54,339.66
2,3.22,3.32,3.47,3.42,3.4,20,42,61,82,103,64.4,139.44,211.67,280.44,350.2
2,3.2,3.48,3.61,3.47,3.46,20,42,63,84,103,64,146.16,227.43,291.48,356.38
2,3.12,3.19,3.37,3.32,3.28,20,42,61,82,103,62.4,133.98,205.57,272.24,337.84
2,3.44,3.49,3.61,3.5,3.48,20,43,64,86,107,68.8,150.07,231.04,301,372.36
2,3.35,3.49,3.54,3.5,3.48,20,42,61,82,103,67,146.58,215.94,287,358.44
2,3.32,3.21,3.38,3.39,3.46,21,42,64,87,108,69.72,134.82,216.32,294.93,373.68
2,2.94,2.92,3.03,3.16,3.26,21,42,62,84,107,61.74,122.64,187.86,265.44,348.82
2,3.38,3.42,3.39,3.5,3.44,21,42,64,86,109,70.98,143.64,216.96,301,374.96
2,3.14,3.04,3.1,3.18,3.13,21,42,62,84,105,65.94,127.68,192.2,267.12,328.65
2,3.21,3.14,3.22,3.19,3.23,21,42,64,86,105,67.41,131.88,206.08,274.34,339.15
2,2.88,2.77,2.83,2.87,3.04,21,42,62,83,104,60.48,116.34,175.46,238.21,316.16
2,3.48,3.35,3.42,3.3,3.39,21,42,64,87,108,73.08,140.7,218.88,287.1,366.12
2,3.42,3.45,3.54,3.48,3.52,21,42,64,87,108,71.82,144.9,226.56,302.76,380.16
2,3.19,3.05,3.27,3.36,3.37,21,42,58,79,101,66.99,128.1,189.66,265.44,340.37
2,3.45,3.12,3.15,3.19,3.46,21,42,62,84,98,72.45,131.04,195.3,267.96,339.08
2,3.48,3.33,3.31,3.33,3.41,21,42,62,84,105,73.08,139.86,205.22,279.72,358.05
2,3.14,3.02,3.08,3.17,3.2,21,42,60,82,103,65.94,126.84,184.8,259.94,329.6
2,3.45,3.29,3.16,3.02,3.18,21,42,64,85,104,72.45,138.18,202.24,256.7,330.72
2,3.48,3.26,3.18,3.21,3.28,21,42,64,86,107,73.08,136.92,203.52,276.06,350.96
2,3.24,2.88,2.78,2.91,2.97,21,42,62,79,98,68.04,120.96,172.36,229.89,291.06
2,2.95,2.9,2.96,2.93,3.12,21,42,62,84,96,61.95,121.8,183.52,246.12,299.52
2,3.02,2.86,3,3.12,3.26,21,42,62,82,103,63.42,120.12,186,255.84,335.78
2,2.62,2.49,2.57,2.7,2.82,21,41,59,78,100,55.02,102.09,151.63,210.6,282
2,3.12,2.93,3,3.05,3.11,21,42,62,84,105,65.52,123.06,186,256.2,326.55
2,3.21,2.92,3.15,3.09,3.26,21,42,62,85,106,67.41,122.64,195.3,262.65,345.56
2,2.83,2.89,3.08,3.14,3.25,21,42,60,82,103,59.43,121.38,184.8,257.48,334.75
2,3.41,3.51,3.34,3.33,3.43,20,42,66,88,109,68.2,147.42,220.44,293.04,373.87
2,3.32,3.24,2.97,3.05,3.12,20,42,64,81,102,66.4,136.08,190.08,247.05,318.24
2,3.16,3.42,3.17,3.15,3.31,20,42,66,86,107,63.2,143.64,209.22,270.9,354.17
2,3.42,3.4,3.31,3.38,3.41,20,42,64,86,109,68.4,142.8,211.84,290.68,371.69
2,3.35,3.38,3.38,3.41,3.39,20,42,64,86,109,67,141.96,216.32,293.26,369.51
2,3.04,3.24,3.25,3.18,3.25,20,42,61,83,104,60.8,136.08,198.25,263.94,338
2,3.34,3.29,3.2,3.2,3.27,20,42,64,86,107,66.8,138.18,204.8,275.2,349.89
2,3.31,3.39,3.43,3.51,3.58,20,42,64,88,111,66.2,142.38,219.52,308.88,397.38
2,3.31,3.55,3.4,3.35,3.43,20,42,62,84,105,66.2,149.1,210.8,281.4,360.15
2,3.15,3.26,3.13,3.1,3.11,20,42,64,84,105,63,136.92,200.32,260.4,326.55
2,2.99,3.01,2.98,3.08,3.08,20,40,59,79,100,59.8,120.4,175.82,243.32,308
2,3.15,3.35,3.21,3.26,3.24,20,42,64,84,105,63,140.7,205.44,273.84,340.2
2,3.18,3.51,3.37,3.3,3.31,20,42,62,82,103,63.6,147.42,208.94,270.6,340.93
2,3.35,3.35,3.25,3.28,3.29,20,42,64,86,107,67,140.7,208,282.08,352.03
2,3.42,3.5,3.43,3.4,3.38,20,42,66,88,109,68.4,147,226.38,299.2,368.42
2,3.48,3.55,3.46,3.41,3.4,20,42,66,88,109,69.6,149.1,228.36,300.08,370.6
2,3.35,3.45,3.25,3.17,3.14,20,42,62,82,103,67,144.9,201.5,259.94,323.42
2,3.42,3.48,3.33,3.35,3.4,20,42,66,88,109,68.4,146.16,219.78,294.8,370.6
2,3.4,3.34,3.33,3.38,3.37,20,42,63,86,109,68,140.28,209.79,290.68,367.33
2,3.43,3.45,3.34,3.4,3.41,20,42,63,86,109,68.6,144.9,210.42,292.4,371.69
2,3.19,3.36,3.28,3.25,3.52,20,42,63,84,103,63.8,141.12,206.64,273,362.56
2,3.4,3.46,3.25,3.39,3.42,20,42,65,85,102,68,145.32,211.25,288.15,348.84
2,3.48,3.48,3.49,3.62,3.22,20,40,60,84,106,69.6,139.2,209.4,304.08,341.32
2,3.15,3.31,3.4,3.47,3.49,20,42,60,81,104,63,139.02,204,281.07,362.96
2,3.1,3.07,3.18,3.26,3.36,21,42,64,87,110,65.1,128.94,203.52,283.62,369.6
2,2.9,2.74,2.9,3.1,3.35,21,42,62,85,106,60.9,115.08,179.8,263.5,355.1
2,3.23,3.28,3.27,3.33,3.32,21,42,64,87,110,67.83,137.76,209.28,289.71,365.2
2,3.21,3.12,3.25,3.24,3.28,21,42,64,87,110,67.41,131.04,208,281.88,360.8
2,3.45,3.4,3.3,3.26,3.25,21,42,64,87,110,72.45,142.8,211.2,283.62,357.5
2,3.04,2.82,2.96,3,3.15,21,42,62,85,108,63.84,118.44,183.52,255,340.2
2,3.43,3.28,3.25,3.19,3.26,21,42,64,87,110,72.03,137.76,208,277.53,358.6
2,3.15,3.04,3.12,3.19,3.25,21,42,62,85,108,66.15,127.68,193.44,271.15,351
2,3.33,3.38,3.46,3.51,3.45,21,42,64,87,110,69.93,141.96,221.44,305.37,379.5
2,2.88,2.97,2.98,3.18,3.32,21,42,64,87,108,60.48,124.74,190.72,276.66,358.56
2,3.24,3.2,3.18,3.3,3.38,21,42,64,87,110,68.04,134.4,203.52,287.1,371.8
2,3.1,2.99,2.95,3.13,3.26,21,42,62,84,107,65.1,125.58,182.9,262.92,348.82
2,2.98,2.95,3.07,3.05,3.18,21,42,62,85,106,62.58,123.9,190.34,259.25,337.08
2,3.19,2.93,3.01,3.15,3.18,21,42,62,85,108,66.99,123.06,186.62,267.75,343.44
2,2.86,2.92,3.03,3.11,3.19,21,42,62,85,108,60.06,122.64,187.86,264.35,344.52
2,2.74,2.68,2.86,3.05,3.25,21,41,61,84,105,57.54,109.88,174.46,256.2,341.25
2,2.81,3.08,3.14,3.28,3.34,21,42,62,85,108,59.01,129.36,194.68,278.8,360.72
2,3.26,2.77,2.94,3.09,3.29,21,42,58,81,103,68.46,116.34,170.52,250.29,338.87
2,3.19,2.94,2.89,3.1,3.29,21,42,62,83,106,66.99,123.48,179.18,257.3,348.74
2,3.05,2.77,2.75,2.92,3.15,21,42,60,80,103,64.05,116.34,165,233.6,324.45
2,2.81,2.93,3,3.13,3.25,21,42,64,87,110,59.01,123.06,192,272.31,357.5
2,3.19,3.17,3.23,3.34,3.51,21,42,64,87,110,66.99,133.14,206.72,290.58,386.1
2,3.31,3.12,3.23,3.29,3.42,21,42,62,85,108,69.51,131.04,200.26,279.65,369.36
2,3.43,3.38,3.51,3.5,3.46,21,42,64,87,110,72.03,141.96,224.64,304.5,380.6
2,3.31,3.1,3.2,3.2,3.27,21,42,62,85,108,69.51,130.2,198.4,272,353.16
2,2.69,2.51,2.51,2.68,2.92,21,41,59,79,102,56.49,102.91,148.09,211.72,297.84
2,3.34,3.24,3.3,3.3,3.37,20,42,64,86,109,66.8,136.08,211.2,283.8,367.33
2,3.38,3.24,3.24,3.28,3.4,20,42,64,86,111,67.6,136.08,207.36,282.08,377.4
2,3.52,3.4,3.35,3.36,3.34,20,42,64,86,111,70.4,142.8,214.4,288.96,370.74
2,2.95,3.22,3.44,3.48,3.53,20,40,59,81,105,59,128.8,202.96,281.88,370.65
2,3.29,3.46,3.46,3.48,3.51,20,42,66,88,109,65.8,145.32,228.36,306.24,382.59
2,3.15,3.29,3.26,3.34,3.51,20,42,64,86,109,63,138.18,208.64,287.24,382.59
2,2.94,3.08,3.2,3.25,3.4,20,40,57,79,105,58.8,123.2,182.4,256.75,357
2,3.2,3.36,3.34,3.4,3.46,20,42,64,86,109,64,141.12,213.76,292.4,377.14
2,3.32,3.36,3.23,3.23,3.32,20,42,64,86,109,66.4,141.12,206.72,277.78,361.88
2,2.89,3.03,2.99,3.11,3.31,20,40,62,84,107,57.8,121.2,185.38,261.24,354.17
2,3.01,3.29,3.18,3.21,3.35,20,42,64,86,109,60.2,138.18,203.52,276.06,365.15
2,3.11,3.12,3.12,3.21,3.37,20,42,64,86,109,62.2,131.04,199.68,276.06,367.33
2,3.54,3.51,3.36,3.38,3.47,20,42,64,86,109,70.8,147.42,215.04,290.68,378.23
2,3.04,3.18,3.3,3.42,3.54,20,42,60,82,105,60.8,133.56,198,280.44,371.7
2,2.69,2.82,2.96,2.99,3.14,20,40,57,79,105,53.8,112.8,168.72,236.21,329.7
2,3.26,3.38,3.28,3.4,3.43,20,42,64,86,109,65.2,141.96,209.92,292.4,373.87
2,2.88,2.93,3.05,3.19,3.46,20,40,57,79,103,57.6,117.2,173.85,252.01,356.38
2,3.28,3.23,3.36,3.48,3.56,20,42,64,86,109,65.6,135.66,215.04,299.28,388.04
2,2.89,3.08,3.19,3.3,3.49,20,40,57,79,105,57.8,123.2,181.83,260.7,366.45
2,3.5,3.4,3.37,3.38,3.38,20,42,64,86,109,70,142.8,215.68,290.68,368.42
2,3.06,3.28,3.37,3.43,3.46,20,42,61,83,109,61.2,137.76,205.57,284.69,377.14
2,3.12,3.36,3.26,3.36,3.41,20,42,66,88,109,62.4,141.12,215.16,295.68,371.69
2,2.91,3.01,3.08,3.2,3.37,20,40,59,81,103,58.2,120.4,181.72,259.2,347.11
2,3.34,3.53,3.41,3.44,3.53,20,42,66,88,109,66.8,148.26,225.06,302.72,384.77
2,3.22,3.42,3.23,3.33,3.42,20,42,66,88,109,64.4,143.64,213.18,293.04,372.78
2,2.94,3.09,3.15,3.23,3.37,20,40,59,81,103,58.8,123.6,185.85,261.63,347.11
2,3,3.11,3.13,3.22,3.33,20,40,58,80,103,60,124.4,181.54,257.6,342.99
2,3.02,3.09,3.02,3.14,3.32,20,42,64,86,109,60.4,129.78,193.28,270.04,361.88
2,2.76,2.96,3.01,3.14,3.23,20,40,58,80,103,55.2,118.4,174.58,251.2,332.69
2,2.79,2.98,3.09,3.16,3.34,20,40,59,81,103,55.8,119.2,182.31,255.96,344.02
2,2.8,2.96,3.11,3.15,3.26,20,40,59,81,103,56,118.4,183.49,255.15,335.78
3,3.74,3.66,3.73,3.71,3.77,21,43,66,90,114,78.54,157.38,246.18,333.9,429.78
3,3.79,3.83,3.84,3.76,3.78,21,43,66,90,114,79.59,164.69,253.44,338.4,430.92
3,3.76,3.75,3.8,3.71,3.7,21,43,66,90,112,78.96,161.25,250.8,333.9,414.4
3,3.68,3.69,3.68,3.6,3.63,20,42,63,86,107,73.6,154.98,231.84,309.6,388.41
3,3.49,3.58,3.63,3.58,3.57,20,42,63,84,105,69.8,150.36,228.69,300.72,374.85
3,3.38,3.55,3.66,3.59,3.58,20,42,61,82,103,67.6,149.1,223.26,294.38,368.74
3,3.58,3.58,3.72,3.74,3.67,20,42,61,84,105,71.6,150.36,226.92,314.16,385.35
3,3.45,3.68,3.8,3.7,3.62,20,42,61,82,103,69,154.56,231.8,303.4,372.86
3,3.85,3.85,3.84,3.83,3.82,20,42,63,86,107,77,161.7,241.92,329.38,408.74
3,3.48,3.55,3.56,3.59,3.6,21,42,64,87,110,73.08,149.1,227.84,312.33,396
3,2.83,2.65,2.84,3.09,3.49,21,42,60,77,93,59.43,111.3,170.4,237.93,324.57
3,3.81,3.8,3.64,3.65,3.67,20,42,66,88,111,76.2,159.6,240.24,321.2,407.37
3,3.81,3.83,3.56,3.54,3.49,20,42,66,88,109,76.2,160.86,234.96,311.52,380.41
3,3.71,3.65,3.64,3.57,3.55,20,42,66,90,111,74.2,153.3,240.24,321.3,394.05
3,3.71,3.79,3.58,3.51,3.48,20,42,66,88,109,74.2,159.18,236.28,308.88,379.32
3,3.75,3.66,3.53,3.47,3.5,20,42,66,88,109,75,153.72,232.98,305.36,381.5
3,3.5,3.51,3.39,3.4,3.47,20,42,66,88,109,70,147.42,223.74,299.2,378.23
3,3.39,3.51,3.46,3.55,3.58,20,42,66,88,109,67.8,147.42,228.36,312.4,390.22
3,3.49,3.57,3.48,3.54,3.58,20,42,64,86,109,69.8,149.94,222.72,304.44,390.22
3,3.5,3.66,3.56,3.59,3.63,20,42,64,86,109,70,153.72,227.84,308.74,395.67
3,3.74,3.76,3.66,3.72,3.75,20,42,64,86,109,74.8,157.92,234.24,319.92,408.75
3,3.79,3.71,3.7,3.66,3.64,20,42,66,90,111,75.8,155.82,244.2,329.4,404.04
3,3.56,3.66,3.67,3.67,3.71,20,42,66,90,111,71.2,153.72,242.22,330.3,411.81
3,3.79,3.67,3.5,3.77,3.61,20,42,66,87,106,75.8,154.14,231,327.99,382.66
3,3.5,3.67,3.56,3.58,3.55,20,42,66,88,109,70,154.14,234.96,315.04,386.95
3,3.62,3.71,3.63,3.65,3.65,20,42,66,88,109,72.4,155.82,239.58,321.2,397.85
3,3.48,3.6,3.59,3.55,3.59,20,42,66,88,109,69.6,151.2,236.94,312.4,391.31
3,3.31,3.46,3.48,3.57,3.63,20,42,66,88,109,66.2,145.32,229.68,314.16,395.67
3,3.35,3.57,3.48,3.55,3.63,20,42,66,88,109,67,149.94,229.68,312.4,395.67
